data_seed,selection_grid,fold,lambda,selected_data_weight,C,selected_count,selection_k_per_class,evaluated_class_count,macro_auc,micro_auc
2048454563,20|40|60|80|100|120|140|160|180|200,1,0.001,0.01,0.0001,79,40,2,0.9889213106906706,0.9885934321418192
2048454563,20|40|60|80|100|120|140|160|180|200,1,0.001,0.1,0.0001,79,40,2,0.9889081817445812,0.9886055410248956
2048454563,20|40|60|80|100|120|140|160|180|200,1,0.001,1.0,0.0001,79,40,2,0.9889062442943056,0.9886963576479704
2048454563,20|40|60|80|100|120|140|160|180|200,1,0.005,0.01,0.0001,80,40,2,0.9890795319523474,0.988684248764894
2048454563,20|40|60|80|100|120|140|160|180|200,1,0.005,0.1,0.0001,80,40,2,0.9889816966275128,0.9886297587910492
2048454563,20|40|60|80|100|120|140|160|180|200,1,0.005,1.0,0.0001,80,40,2,0.9886275279375554,0.988454179986438
2048454563,20|40|60|80|100|120|140|160|180|200,1,0.01,0.01,0.0001,80,40,2,0.9889693980172556,0.9886539765572024
2048454563,20|40|60|80|100|120|140|160|180|200,1,0.01,0.1,0.0001,80,40,2,0.9889087353018028,0.9885813232587428
2048454563,20|40|60|80|100|120|140|160|180|200,1,0.01,1.0,0.0001,80,40,2,0.9887273007126656,0.988436016661823
2048454563,20|40|60|80|100|120|140|160|180|200,1,0.025,0.01,0.0001,80,40,2,0.9890068474052482,0.9886600309987406
2048454563,20|40|60|80|100|120|140|160|180|200,1,0.025,0.1,0.0001,80,40,2,0.9889699515744772,0.988647922115664
2048454563,20|40|60|80|100|120|140|160|180|200,1,0.025,1.0,0.0001,80,40,2,0.9886901281032836,0.9884299622202848
2048454563,20|40|60|80|100|120|140|160|180|200,1,0.001,0.01,0.001,80,40,2,0.9900489079337677,0.9899677903710162
2048454563,20|40|60|80|100|120|140|160|180|200,1,0.001,0.1,0.001,80,40,2,0.9899871381038716,0.9899133003971714
2048454563,20|40|60|80|100|120|140|160|180|200,1,0.001,1.0,0.001,80,40,2,0.99014591292277,0.9900586069940908
2048454563,20|40|60|80|100|120|140|160|180|200,1,0.005,0.01,0.001,80,40,2,0.9900975488175742,0.9899920081371694
2048454563,20|40|60|80|100|120|140|160|180|200,1,0.005,0.1,0.001,80,40,2,0.9900598226509708,0.9899920081371694
2048454563,20|40|60|80|100|120|140|160|180|200,1,0.005,1.0,0.001,80,40,2,0.990128632297519,0.990137314734089
2048454563,20|40|60|80|100|120|140|160|180|200,1,0.01,0.01,0.001,80,40,2,0.9900609297654136,0.9899738448125543
2048454563,20|40|60|80|100|120|140|160|180|200,1,0.01,0.1,0.001,80,40,2,0.990096441703131,0.9900222803448612
2048454563,20|40|60|80|100|120|140|160|180|200,1,0.01,1.0,0.001,80,40,2,0.9901543366324762,0.9901433691756274
2048454563,20|40|60|80|100|120|140|160|180|200,1,0.025,0.01,0.001,80,40,2,0.9900732283756708,0.9899798992540928
2048454563,20|40|60|80|100|120|140|160|180|200,1,0.025,0.1,0.001,80,40,2,0.9900967184817416,0.9900162259033228
2048454563,20|40|60|80|100|120|140|160|180|200,1,0.025,1.0,0.001,80,40,2,0.9901551669683084,0.990155478058704
2048454563,20|40|60|80|100|120|140|160|180|200,1,0.001,0.01,0.01,78,40,2,0.992345547059888,0.9923895669863412
2048454563,20|40|60|80|100|120|140|160|180|200,1,0.001,0.1,0.01,78,40,2,0.992431083774466,0.9924198391940328
2048454563,20|40|60|80|100|120|140|160|180|200,1,0.001,1.0,0.01,78,40,2,0.9925174508248756,0.9924137847524944
2048454563,20|40|60|80|100|120|140|160|180|200,1,0.005,0.01,0.01,80,40,2,0.9923335252282416,0.9923956214278796
2048454563,20|40|60|80|100|120|140|160|180|200,1,0.005,0.1,0.01,80,40,2,0.9924671492694046,0.9925046013755692
2048454563,20|40|60|80|100|120|140|160|180|200,1,0.005,1.0,0.01,80,40,2,0.9925149598173788,0.9926075268817204
2048454563,20|40|60|80|100|120|140|160|180|200,1,0.01,0.01,0.01,80,40,2,0.99230975834356,0.9923653492201878
2048454563,20|40|60|80|100|120|140|160|180|200,1,0.01,0.1,0.01,80,40,2,0.9923338020068524,0.992383512544803
2048454563,20|40|60|80|100|120|140|160|180|200,1,0.01,1.0,0.01,80,40,2,0.992345547059888,0.9923895669863412
2048454563,20|40|60|80|100|120|140|160|180|200,1,0.025,0.01,0.01,80,40,2,0.99230975834356,0.9923714036617262
2048454563,20|40|60|80|100|120|140|160|180|200,1,0.025,0.1,0.01,80,40,2,0.9923217801752062,0.9923895669863412
2048454563,20|40|60|80|100|120|140|160|180|200,1,0.025,1.0,0.01,80,40,2,0.9924797246582724,0.9924985469340308
2048454563,20|40|60|80|100|120|140|160|180|200,1,0.001,0.01,0.1,79,40,2,0.993059540363401,0.9930737188801704
2048454563,20|40|60|80|100|120|140|160|180|200,1,0.001,0.1,0.1,79,40,2,0.9930120065940374,0.9929163034001744
2048454563,20|40|60|80|100|120|140|160|180|200,1,0.001,1.0,0.1,79,40,2,0.9921711522874032,0.9920626271432724
2048454563,20|40|60|80|100|120|140|160|180|200,1,0.005,0.01,0.1,80,40,2,0.9930950523011184,0.9931160999709386
2048454563,20|40|60|80|100|120|140|160|180|200,1,0.005,0.1,0.1,80,40,2,0.9931562685737928,0.9931584810617068
2048454563,20|40|60|80|100|120|140|160|180|200,1,0.005,1.0,0.1,80,40,2,0.993377090001198,0.9933280054247796
2048454563,20|40|60|80|100|120|140|160|180|200,1,0.01,0.01,0.1,80,40,2,0.993083030469472,0.9931160999709386
2048454563,20|40|60|80|100|120|140|160|180|200,1,0.01,0.1,0.1,80,40,2,0.9930950523011184,0.9931524266201686
2048454563,20|40|60|80|100|120|140|160|180|200,1,0.01,1.0,0.1,80,40,2,0.9932655721730522,0.993261406567858
2048454563,20|40|60|80|100|120|140|160|180|200,1,0.025,0.01,0.1,80,40,2,0.9930953290797292,0.993103991087862
2048454563,20|40|60|80|100|120|140|160|180|200,1,0.025,0.1,0.1,80,40,2,0.9930833072480828,0.9931100455294004
2048454563,20|40|60|80|100|120|140|160|180|200,1,0.025,1.0,0.1,80,40,2,0.9932543806772384,0.9932735154509348
2048454563,20|40|60|80|100|120|140|160|180|200,1,0.001,0.01,1.0,79,40,2,0.9923847774709283,0.9923048048048048
2048454563,20|40|60|80|100|120|140|160|180|200,1,0.001,0.1,1.0,79,40,2,0.9919054084495146,0.9918446672478932
2048454563,20|40|60|80|100|120|140|160|180|200,1,0.001,1.0,1.0,79,40,2,0.991565199041479,0.9915358907294392
2048454563,20|40|60|80|100|120|140|160|180|200,1,0.005,0.01,1.0,80,40,2,0.991948116631112,0.9918931027801996
2048454563,20|40|60|80|100|120|140|160|180|200,1,0.005,0.1,1.0,80,40,2,0.9918748785267912,0.9917175239755884
2048454563,20|40|60|80|100|120|140|160|180|200,1,0.005,1.0,1.0,80,40,2,0.9917865740261056,0.9916206529109756
2048454563,20|40|60|80|100|120|140|160|180|200,1,0.01,0.01,1.0,80,40,2,0.9921533181049308,0.9920747360263488
2048454563,20|40|60|80|100|120|140|160|180|200,1,0.01,0.1,1.0,80,40,2,0.992444333071938,0.992329022570958
2048454563,20|40|60|80|100|120|140|160|180|200,1,0.01,1.0,1.0,80,40,2,0.9925807248992088,0.9924622202848008
2048454563,20|40|60|80|100|120|140|160|180|200,1,0.025,0.01,1.0,80,40,2,0.9921166990527706,0.9920626271432724
2048454563,20|40|60|80|100|120|140|160|180|200,1,0.025,0.1,1.0,80,40,2,0.9922371941478438,0.9921594982078852
2048454563,20|40|60|80|100|120|140|160|180|200,1,0.025,1.0,1.0,80,40,2,0.992276580986112,0.9921655526494236
2048454563,20|40|60|80|100|120|140|160|180|200,1,0.001,0.01,10.0,79,40,2,0.990451994286142,0.9904400368110048
2048454563,20|40|60|80|100|120|140|160|180|200,1,0.001,0.1,10.0,79,40,2,0.9901344446483452,0.9901312602925506
2048454563,20|40|60|80|100|120|140|160|180|200,1,0.001,1.0,10.0,79,40,2,0.9896419466808422,0.9896559866317932
2048454563,20|40|60|80|100|120|140|160|180|200,1,0.005,0.01,10.0,80,40,2,0.9912633475708824,0.991260413639446
2048454563,20|40|60|80|100|120|140|160|180|200,1,0.005,0.1,10.0,80,40,2,0.990967152023884,0.9909909909909912
2048454563,20|40|60|80|100|120|140|160|180|200,1,0.005,1.0,10.0,80,40,2,0.99118465210796,0.9911544609125252
2048454563,20|40|60|80|100|120|140|160|180|200,1,0.01,0.01,10.0,80,40,2,0.9910745181728682,0.991184733120217
2048454563,20|40|60|80|100|120|140|160|180|200,1,0.01,0.1,10.0,80,40,2,0.9911103068891962,0.9912150053279084
2048454563,20|40|60|80|100|120|140|160|180|200,1,0.01,1.0,10.0,80,40,2,0.9909182343614666,0.9910787803932964
2048454563,20|40|60|80|100|120|140|160|180|200,1,0.025,0.01,10.0,80,40,2,0.9908335279827212,0.9908577932771482
2048454563,20|40|60|80|100|120|140|160|180|200,1,0.025,0.1,10.0,80,40,2,0.990821506151075,0.9909062288094546
2048454563,20|40|60|80|100|120|140|160|180|200,1,0.025,1.0,10.0,80,40,2,0.9908709773707138,0.9910000726532984
2048454563,20|40|60|80|100|120|140|160|180|200,2,0.001,0.01,0.0001,80,40,2,0.9775174986532672,0.97695200824144
2048454563,20|40|60|80|100|120|140|160|180|200,2,0.001,0.1,0.0001,80,40,2,0.9775297969610202,0.9770068698986276
2048454563,20|40|60|80|100|120|140|160|180|200,2,0.001,1.0,0.0001,80,40,2,0.977713735001931,0.9772689867051918
2048454563,20|40|60|80|100|120|140|160|180|200,2,0.005,0.01,0.0001,80,40,2,0.9775894999151782,0.9769824869398778
2048454563,20|40|60|80|100|120|140|160|180|200,2,0.005,0.1,0.0001,80,40,2,0.9775413798349306,0.9769702954605026
2048454563,20|40|60|80|100|120|140|160|180|200,2,0.005,1.0,0.0001,80,40,2,0.9768240071667011,0.9764125352790932
2048454563,20|40|60|80|100|120|140|160|180|200,2,0.01,0.01,0.0001,80,40,2,0.9775657975919756,0.9769824869398775
2048454563,20|40|60|80|100|120|140|160|180|200,2,0.01,0.1,0.0001,80,40,2,0.9774684842807164,0.976848380666752
2048454563,20|40|60|80|100|120|140|160|180|200,2,0.01,1.0,0.0001,80,40,2,0.97643332305398,0.9758182006595588
2048454563,20|40|60|80|100|120|140|160|180|200,2,0.025,0.01,0.0001,80,40,2,0.9775046637701326,0.97692762528269
2048454563,20|40|60|80|100|120|140|160|180|200,2,0.025,0.1,0.0001,80,40,2,0.9774686631391772,0.9769093380636272
2048454563,20|40|60|80|100|120|140|160|180|200,2,0.025,1.0,0.0001,80,40,2,0.9762632930469676,0.9758303921389342
2048454563,20|40|60|80|100|120|140|160|180|200,2,0.001,0.01,0.001,80,40,2,0.9823568219421384,0.98164572780084
2048454563,20|40|60|80|100|120|140|160|180|200,2,0.001,0.1,0.001,80,40,2,0.9824667912780716,0.981749355375528
2048454563,20|40|60|80|100|120|140|160|180|200,2,0.001,1.0,0.001,80,40,2,0.9827238037316572,0.9822857804680308
2048454563,20|40|60|80|100|120|140|160|180|200,2,0.005,0.01,0.001,80,40,2,0.98240601517315,0.9816518235405276
2048454563,20|40|60|80|100|120|140|160|180|200,2,0.005,0.1,0.001,80,40,2,0.9824302540717342,0.9817554511152156
2048454563,20|40|60|80|100|120|140|160|180|200,2,0.005,1.0,0.001,80,40,2,0.9824658969857684,0.9821211954964676
2048454563,20|40|60|80|100|120|140|160|180|200,2,0.01,0.01,0.001,80,40,2,0.982478910727364,0.9816762064992776
2048454563,20|40|60|80|100|120|140|160|180|200,2,0.01,0.1,0.001,80,40,2,0.9823814185576442,0.9816213448420898
2048454563,20|40|60|80|100|120|140|160|180|200,2,0.01,1.0,0.001,80,40,2,0.9820770014576536,0.9813836109942762
2048454563,20|40|60|80|100|120|140|160|180|200,2,0.025,0.01,0.001,80,40,2,0.9824544929703188,0.9816762064992776
2048454563,20|40|60|80|100|120|140|160|180|200,2,0.025,0.1,0.001,80,40,2,0.9824423735210266,0.9816823022389652
2048454563,20|40|60|80|100|120|140|160|180|200,2,0.025,1.0,0.001,80,40,2,0.982028344802024,0.9813348450767758
2048454563,20|40|60|80|100|120|140|160|180|200,2,0.001,0.01,0.01,80,40,2,0.9854783599577746,0.9852361184767966
2048454563,20|40|60|80|100|120|140|160|180|200,2,0.001,0.1,0.01,80,40,2,0.985880090369024,0.985699394693049
2048454563,20|40|60|80|100|120|140|160|180|200,2,0.001,1.0,0.01,80,40,2,0.9873144779885618,0.987198946656182
2048454563,20|40|60|80|100|120|140|160|180|200,2,0.005,0.01,0.01,80,40,2,0.9854535844838082,0.985230022737109
2048454563,20|40|60|80|100|120|140|160|180|200,2,0.005,0.1,0.01,80,40,2,0.985795075365518,0.9855165225024228
2048454563,20|40|60|80|100|120|140|160|180|200,2,0.005,1.0,0.01,80,40,2,0.986707790090108,0.9864796493730532
2048454563,20|40|60|80|100|120|140|160|180|200,2,0.01,0.01,0.01,80,40,2,0.9854416438929764,0.9851995440386714
2048454563,20|40|60|80|100|120|140|160|180|200,2,0.01,0.1,0.01,80,40,2,0.9854781810993138,0.9852361184767966
2048454563,20|40|60|80|100|120|140|160|180|200,2,0.01,1.0,0.01,80,40,2,0.9855639115366626,0.9852848843942968
2048454563,20|40|60|80|100|120|140|160|180|200,2,0.025,0.01,0.01,80,40,2,0.9853199128246724,0.9851081079433583
2048454563,20|40|60|80|100|120|140|160|180|200,2,0.025,0.1,0.01,80,40,2,0.9854168684190102,0.9851751610799212
2048454563,20|40|60|80|100|120|140|160|180|200,2,0.025,1.0,0.01,80,40,2,0.9856384168170222,0.9853885119689848
2048454563,20|40|60|80|100|120|140|160|180|200,2,0.001,0.01,0.1,80,40,2,0.9841557302587765,0.984004779059915
2048454563,20|40|60|80|100|120|140|160|180|200,2,0.001,0.1,0.1,80,40,2,0.985579250438246,0.9853580332705472
2048454563,20|40|60|80|100|120|140|160|180|200,2,0.001,1.0,0.1,80,40,2,0.9870533947164124,0.9869977872464932
2048454563,20|40|60|80|100|120|140|160|180|200,2,0.005,0.01,0.1,80,40,2,0.9840094025749666,0.983901151485227
2048454563,20|40|60|80|100|120|140|160|180|200,2,0.005,0.1,0.1,80,40,2,0.984922475016478,0.984644831727106
2048454563,20|40|60|80|100|120|140|160|180|200,2,0.005,1.0,0.1,80,40,2,0.9860520878191036,0.985961511499613
2048454563,20|40|60|80|100|120|140|160|180|200,2,0.01,0.01,0.1,80,40,2,0.9840336414735512,0.9839072472249144
2048454563,20|40|60|80|100|120|140|160|180|200,2,0.01,0.1,0.1,80,40,2,0.9847763261911286,0.9846509274667936
2048454563,20|40|60|80|100|120|140|160|180|200,2,0.01,1.0,0.1,80,40,2,0.986234237275408,0.9861870538680516
2048454563,20|40|60|80|100|120|140|160|180|200,2,0.025,0.01,0.1,80,40,2,0.98397304422709,0.9837853324311638
2048454563,20|40|60|80|100|120|140|160|180|200,2,0.025,0.1,0.1,80,40,2,0.9840719672644946,0.9838950557455396
2048454563,20|40|60|80|100|120|140|160|180|200,2,0.025,1.0,0.1,80,40,2,0.984207248649776,0.9841084066346032
2048454563,20|40|60|80|100|120|140|160|180|200,2,0.001,0.01,1.0,79,40,2,0.982769283861026,0.9821882486330304
2048454563,20|40|60|80|100|120|140|160|180|200,2,0.001,0.1,1.0,79,40,2,0.9845547777931168,0.9843156617839792
2048454563,20|40|60|80|100|120|140|160|180|200,2,0.001,1.0,1.0,79,40,2,0.985142055971423,0.9850471505464832
2048454563,20|40|60|80|100|120|140|160|180|200,2,0.005,0.01,1.0,80,40,2,0.9822935847447984,0.9818346957311536
2048454563,20|40|60|80|100|120|140|160|180|200,2,0.005,0.1,1.0,80,40,2,0.9839454070177536,0.9836146517199128
2048454563,20|40|60|80|100|120|140|160|180|200,2,0.005,1.0,1.0,80,40,2,0.9844929285374312,0.9844802467555424
2048454563,20|40|60|80|100|120|140|160|180|200,2,0.01,0.01,1.0,80,40,2,0.9823912557729788,0.9819688020042792
2048454563,20|40|60|80|100|120|140|160|180|200,2,0.01,0.1,1.0,80,40,2,0.984359435736756,0.9840596407171028
2048454563,20|40|60|80|100|120|140|160|180|200,2,0.01,1.0,1.0,80,40,2,0.9851502405345812,0.9848398953971068
2048454563,20|40|60|80|100|120|140|160|180|200,2,0.025,0.01,1.0,80,40,2,0.9824263621116311,0.9819322275661542
2048454563,20|40|60|80|100|120|140|160|180|200,2,0.025,0.1,1.0,80,40,2,0.984396151801554,0.9839621088821022
2048454563,20|40|60|80|100|120|140|160|180|200,2,0.025,1.0,1.0,80,40,2,0.9847861204804328,0.98446195953648
2048454563,20|40|60|80|100|120|140|160|180|200,2,0.001,0.01,10.0,79,40,2,0.9826557373558802,0.9819505147852166
2048454563,20|40|60|80|100|120|140|160|180|200,2,0.001,0.1,10.0,79,40,2,0.9843478528628458,0.984151076812416
2048454563,20|40|60|80|100|120|140|160|180|200,2,0.001,1.0,10.0,79,40,2,0.9852912239275876,0.9850562941560144
2048454563,20|40|60|80|100|120|140|160|180|200,2,0.005,0.01,10.0,80,40,2,0.9819731133093818,0.9810605367908368
2048454563,20|40|60|80|100|120|140|160|180|200,2,0.005,0.1,10.0,80,40,2,0.9838329336633715,0.9832184286402236
2048454563,20|40|60|80|100|120|140|160|180|200,2,0.005,1.0,10.0,80,40,2,0.98449543255588,0.9841693640314784
2048454563,20|40|60|80|100|120|140|160|180|200,2,0.01,0.01,10.0,80,40,2,0.9818995023213252,0.9810483453114618
2048454563,20|40|60|80|100|120|140|160|180|200,2,0.01,0.1,10.0,80,40,2,0.9836971157027083,0.98305384366866
2048454563,20|40|60|80|100|120|140|160|180|200,2,0.01,1.0,10.0,80,40,2,0.984271022422498,0.9838767685264768
2048454563,20|40|60|80|100|120|140|160|180|200,2,0.025,0.01,10.0,80,40,2,0.9798974680281202,0.9792561978433274
2048454563,20|40|60|80|100|120|140|160|180|200,2,0.025,0.1,10.0,80,40,2,0.9799350783852212,0.9793903041164528
2048454563,20|40|60|80|100|120|140|160|180|200,2,0.025,1.0,10.0,80,40,2,0.9799254629543775,0.979195240446452
2048454563,20|40|60|80|100|120|140|160|180|200,3,0.001,0.01,0.0001,79,40,2,0.9810757325947406,0.9811353060238608
2048454563,20|40|60|80|100|120|140|160|180|200,3,0.001,0.1,0.0001,79,40,2,0.9811248420819512,0.981178110840014
2048454563,20|40|60|80|100|120|140|160|180|200,3,0.001,1.0,0.0001,79,40,2,0.9816417802681952,0.9818079531348411
2048454563,20|40|60|80|100|120|140|160|180|200,3,0.005,0.01,0.0001,80,40,2,0.9810144594331272,0.981110846128916
2048454563,20|40|60|80|100|120|140|160|180|200,3,0.005,0.1,0.0001,80,40,2,0.9808802042250973,0.9809640867592472
2048454563,20|40|60|80|100|120|140|160|180|200,3,0.005,1.0,0.0001,80,40,2,0.9798546656619352,0.97974109201201
2048454563,20|40|60|80|100|120|140|160|180|200,3,0.01,0.01,0.0001,80,40,2,0.9810872898830106,0.981116961102652
2048454563,20|40|60|80|100|120|140|160|180|200,3,0.01,0.1,0.0001,80,40,2,0.9808190826600168,0.9808662471794684
2048454563,20|40|60|80|100|120|140|160|180|200,3,0.01,1.0,0.0001,80,40,2,0.9793640255794284,0.97922743421817
2048454563,20|40|60|80|100|120|140|160|180|200,3,0.025,0.01,0.0001,80,40,2,0.9810021441621912,0.9810313514703454
2048454563,20|40|60|80|100|120|140|160|180|200,3,0.025,0.1,0.0001,80,40,2,0.9808064641960146,0.9808295573370512
2048454563,20|40|60|80|100|120|140|160|180|200,3,0.025,1.0,0.0001,80,40,2,0.9794240859687762,0.9794353433252004
2048454563,20|40|60|80|100|120|140|160|180|200,3,0.001,0.01,0.001,80,40,2,0.9849917574628038,0.985256798322051
2048454563,20|40|60|80|100|120|140|160|180|200,3,0.001,0.1,0.001,80,40,2,0.9851019885150948,0.9853546379018304
2048454563,20|40|60|80|100|120|140|160|180|200,3,0.001,1.0,0.001,80,40,2,0.9854675051333104,0.9859111005118232
2048454563,20|40|60|80|100|120|140|160|180|200,3,0.005,0.01,0.001,80,40,2,0.9850042243302728,0.9852996031382044
2048454563,20|40|60|80|100|120|140|160|180|200,3,0.005,0.1,0.001,80,40,2,0.9850411701430808,0.9853179480594132
2048454563,20|40|60|80|100|120|140|160|180|200,3,0.005,1.0,0.001,80,40,2,0.9850179039700075,0.9853301780068856
2048454563,20|40|60|80|100|120|140|160|180|200,3,0.01,0.01,0.001,80,40,2,0.984967278517465,0.9852629132957872
2048454563,20|40|60|80|100|120|140|160|180|200,3,0.01,0.1,0.001,80,40,2,0.9849797453849342,0.9852567983220512
2048454563,20|40|60|80|100|120|140|160|180|200,3,0.01,1.0,0.001,80,40,2,0.9850910376129574,0.9852262234533702
2048454563,20|40|60|80|100|120|140|160|180|200,3,0.025,0.01,0.001,80,40,2,0.9850407153534813,0.9852690282695236
2048454563,20|40|60|80|100|120|140|160|180|200,3,0.025,0.1,0.001,80,40,2,0.9850530306244172,0.985281258216996
2048454563,20|40|60|80|100|120|140|160|180|200,3,0.025,1.0,0.001,80,40,2,0.9847237018363432,0.9848715549766712
2048454563,20|40|60|80|100|120|140|160|180|200,3,0.001,0.01,0.01,80,40,2,0.9863983114423146,0.9865287128591782
2048454563,20|40|60|80|100|120|140|160|180|200,3,0.001,0.1,0.01,80,40,2,0.9863984630388476,0.9865409428066506
2048454563,20|40|60|80|100|120|140|160|180|200,3,0.001,1.0,0.01,80,40,2,0.9863488987620376,0.9866448973601658
2048454563,20|40|60|80|100|120|140|160|180|200,3,0.005,0.01,0.01,80,40,2,0.9863987662319142,0.9865348278329144
2048454563,20|40|60|80|100|120|140|160|180|200,3,0.005,0.1,0.01,80,40,2,0.9864725062609968,0.9866020925440124
2048454563,20|40|60|80|100|120|140|160|180|200,3,0.005,1.0,0.01,80,40,2,0.9868504897466815,0.9869689909681838
2048454563,20|40|60|80|100|120|140|160|180|200,3,0.01,0.01,0.01,80,40,2,0.9864112330993832,0.9865287128591782
2048454563,20|40|60|80|100|120|140|160|180|200,3,0.01,0.1,0.01,80,40,2,0.9864113846959166,0.9865776326490676
2048454563,20|40|60|80|100|120|140|160|180|200,3,0.01,1.0,0.01,80,40,2,0.9866684894202398,0.9868038866773068
2048454563,20|40|60|80|100|120|140|160|180|200,3,0.025,0.01,0.01,80,40,2,0.9863867541540444,0.9865103679379696
2048454563,20|40|60|80|100|120|140|160|180|200,3,0.025,0.1,0.01,80,40,2,0.986423396773786,0.9865592877278592
2048454563,20|40|60|80|100|120|140|160|180|200,3,0.025,1.0,0.01,80,40,2,0.9866193799330292,0.9867855417560982
2048454563,20|40|60|80|100|120|140|160|180|200,3,0.001,0.01,0.1,80,40,2,0.983590660958488,0.983850354362728
2048454563,20|40|60|80|100|120|140|160|180|200,3,0.001,0.1,0.1,80,40,2,0.9837846733627994,0.9840827233647031
2048454563,20|40|60|80|100|120|140|160|180|200,3,0.001,1.0,0.1,80,40,2,0.9840493938655296,0.9844740816838192
2048454563,20|40|60|80|100|120|140|160|180|200,3,0.005,0.01,0.1,80,40,2,0.9836274551747628,0.9838931591788812
2048454563,20|40|60|80|100|120|140|160|180|200,3,0.005,0.1,0.1,80,40,2,0.9838593229710813,0.9841255281808564
2048454563,20|40|60|80|100|120|140|160|180|200,3,0.005,1.0,0.1,80,40,2,0.9842382160359652,0.984535231421181
2048454563,20|40|60|80|100|120|140|160|180|200,3,0.01,0.01,0.1,80,40,2,0.983627758367829,0.9838809292314088
2048454563,20|40|60|80|100|120|140|160|180|200,3,0.01,0.1,0.1,80,40,2,0.9838842567060196,0.9841561030495374
2048454563,20|40|60|80|100|120|140|160|180|200,3,0.01,1.0,0.1,80,40,2,0.9842132823010268,0.9844496217888744
2048454563,20|40|60|80|100|120|140|160|180|200,3,0.025,0.01,0.1,80,40,2,0.9835299941830074,0.9838014345728384
2048454563,20|40|60|80|100|120|140|160|180|200,3,0.025,0.1,0.1,80,40,2,0.9836155946934262,0.9838809292314088
2048454563,20|40|60|80|100|120|140|160|180|200,3,0.025,1.0,0.1,80,40,2,0.9837877052934634,0.9840949533121754
2048454563,20|40|60|80|100|120|140|160|180|200,3,0.001,0.01,1.0,80,40,2,0.9810738774845952,0.9816734237126452
2048454563,20|40|60|80|100|120|140|160|180|200,3,0.001,0.1,1.0,80,40,2,0.9820738759266864,0.9826946243265884
2048454563,20|40|60|80|100|120|140|160|180|200,3,0.001,1.0,1.0,80,40,2,0.9823153302563432,0.9831471323830664
2048454563,20|40|60|80|100|120|140|160|180|200,3,0.005,0.01,1.0,80,40,2,0.9811714900728838,0.9816734237126452
2048454563,20|40|60|80|100|120|140|160|180|200,3,0.005,0.1,1.0,80,40,2,0.9818702769890364,0.9822604611913192
2048454563,20|40|60|80|100|120|140|160|180|200,3,0.005,1.0,1.0,80,40,2,0.9822363999933847,0.9825967847468096
2048454563,20|40|60|80|100|120|140|160|180|200,3,0.01,0.01,1.0,80,40,2,0.9811959690182226,0.9816734237126452
2048454563,20|40|60|80|100|120|140|160|180|200,3,0.01,0.1,1.0,80,40,2,0.9819916105399976,0.9822788061125278
2048454563,20|40|60|80|100|120|140|160|180|200,3,0.01,1.0,1.0,80,40,2,0.9821612955955036,0.982480600245822
2048454563,20|40|60|80|100|120|140|160|180|200,3,0.025,0.01,1.0,80,40,2,0.9811959690182226,0.9816245039227556
2048454563,20|40|60|80|100|120|140|160|180|200,3,0.025,0.1,1.0,80,40,2,0.9816612205761914,0.9820158622418717
2048454563,20|40|60|80|100|120|140|160|180|200,3,0.025,1.0,1.0,80,40,2,0.9815996442215116,0.9820158622418717
2048454563,20|40|60|80|100|120|140|160|180|200,3,0.001,0.01,10.0,79,40,2,0.9790246554684164,0.9794934355756942
2048454563,20|40|60|80|100|120|140|160|180|200,3,0.001,0.1,10.0,79,40,2,0.9782951381973172,0.978897225636416
2048454563,20|40|60|80|100|120|140|160|180|200,3,0.001,1.0,10.0,79,40,2,0.9791053869138996,0.97954847033932
2048454563,20|40|60|80|100|120|140|160|180|200,3,0.005,0.01,10.0,80,40,2,0.9792621323364632,0.9799061963028868
2048454563,20|40|60|80|100|120|140|160|180|200,3,0.005,0.1,10.0,80,40,2,0.9792072262292442,0.9797900118018992
2048454563,20|40|60|80|100|120|140|160|180|200,3,0.005,1.0,10.0,80,40,2,0.9792671709738058,0.979686057248384
2048454563,20|40|60|80|100|120|140|160|180|200,3,0.01,0.01,10.0,80,40,2,0.9764118910163536,0.9773226198993474
2048454563,20|40|60|80|100|120|140|160|180|200,3,0.01,0.1,10.0,80,40,2,0.9774355924452436,0.9780778191557666
2048454563,20|40|60|80|100|120|140|160|180|200,3,0.01,1.0,10.0,80,40,2,0.9768555799148616,0.9773287348730838
2048454563,20|40|60|80|100|120|140|160|180|200,3,0.025,0.01,10.0,80,40,2,0.9783453088602602,0.9789216855313608
2048454563,20|40|60|80|100|120|140|160|180|200,3,0.025,0.1,10.0,80,40,2,0.9768871838972604,0.9774846667033564
2048454563,20|40|60|80|100|120|140|160|180|200,3,0.025,1.0,10.0,80,40,2,0.9780135545276551,0.9785394996728488
2048454563,20|40|60|80|100|120|140|160|180|200,1,0.0001,0.01,0.0001,47,40,2,0.988848902922182,0.988551051051051
2048454563,20|40|60|80|100|120|140|160|180|200,1,0.0001,0.1,0.0001,47,40,2,0.98893443963676,0.9885934321418192
2048454563,20|40|60|80|100|120|140|160|180|200,1,0.0001,1.0,0.0001,47,40,2,0.9893017372728066,0.9887205754141236
2048454563,20|40|60|80|100|120|140|160|180|200,1,0.0001,10.0,0.0001,47,40,2,0.9871557621103336,0.986516758694178
2048454563,20|40|60|80|100|120|140|160|180|200,1,0.001,10.0,0.0001,79,40,2,0.9870359048480202,0.9872796183280056
2048454563,20|40|60|80|100|120|140|160|180|200,1,0.005,10.0,0.0001,80,40,2,0.9868762996932894,0.98694056960186
2048454563,20|40|60|80|100|120|140|160|180|200,1,0.01,10.0,0.0001,80,40,2,0.9873715654469002,0.9868739707449384
2048454563,20|40|60|80|100|120|140|160|180|200,1,0.025,10.0,0.0001,80,40,2,0.9851889351564224,0.9847488617649908
2048454563,20|40|60|80|100|120|140|160|180|200,1,0.0001,0.01,0.001,50,40,2,0.990012565660218,0.9899072459556332
2048454563,20|40|60|80|100|120|140|160|180|200,1,0.0001,0.1,0.001,50,40,2,0.989951902944765,0.9898648648648648
2048454563,20|40|60|80|100|120|140|160|180|200,1,0.0001,1.0,0.001,50,40,2,0.9899566081811482,0.989731667151022
2048454563,20|40|60|80|100|120|140|160|180|200,1,0.0001,10.0,0.001,50,40,2,0.9858390165528425,0.9860081856049598
2048454563,20|40|60|80|100|120|140|160|180|200,1,0.001,10.0,0.001,80,40,2,0.9883197859025186,0.988260437857212
2048454563,20|40|60|80|100|120|140|160|180|200,1,0.005,10.0,0.001,80,40,2,0.9893963716056952,0.9896650682941006
2048454563,20|40|60|80|100|120|140|160|180|200,1,0.01,10.0,0.001,80,40,2,0.9899006146262338,0.9899314637217862
2048454563,20|40|60|80|100|120|140|160|180|200,1,0.025,10.0,0.001,80,40,2,0.9897440540362216,0.9899011915140948
2048454563,20|40|60|80|100|120|140|160|180|200,1,0.0001,0.01,0.01,52,40,2,0.9922734160700104,0.9923653492201878
2048454563,20|40|60|80|100|120|140|160|180|200,1,0.0001,0.1,0.01,52,40,2,0.9922854379016568,0.992329022570958
2048454563,20|40|60|80|100|120|140|160|180|200,1,0.0001,1.0,0.01,52,40,2,0.9920231718343248,0.9919233749878912
2048454563,20|40|60|80|100|120|140|160|180|200,1,0.0001,10.0,0.01,52,40,2,0.9898616970696488,0.989925409280248
2048454563,20|40|60|80|100|120|140|160|180|200,1,0.001,10.0,0.01,78,40,2,0.991120114491956,0.9910999709386806
2048454563,20|40|60|80|100|120|140|160|180|200,1,0.005,10.0,0.01,80,40,2,0.9921175293886028,0.992171607090962
2048454563,20|40|60|80|100|120|140|160|180|200,1,0.01,10.0,0.01,80,40,2,0.9922787952149982,0.992329022570958
2048454563,20|40|60|80|100|120|140|160|180|200,1,0.025,10.0,0.01,80,40,2,0.9927542893358612,0.9927891601278698
2048454563,20|40|60|80|100|120|140|160|180|200,1,0.0001,0.01,0.1,55,40,2,0.9930475185317548,0.9930495011140172
2048454563,20|40|60|80|100|120|140|160|180|200,1,0.0001,0.1,0.1,55,40,2,0.9931235244221832,0.9930555555555556
2048454563,20|40|60|80|100|120|140|160|180|200,1,0.0001,1.0,0.1,55,40,2,0.99262481697386,0.992637799089412
2048454563,20|40|60|80|100|120|140|160|180|200,1,0.0001,10.0,0.1,55,40,2,0.9912324626559342,0.9912331686525234
2048454563,20|40|60|80|100|120|140|160|180|200,1,0.001,10.0,0.1,79,40,2,0.9909179575828558,0.9908517388356098
2048454563,20|40|60|80|100|120|140|160|180|200,1,0.005,10.0,0.1,80,40,2,0.9938131972837928,0.9936125641770804
2048454563,20|40|60|80|100|120|140|160|180|200,1,0.01,10.0,0.1,80,40,2,0.9936312091374342,0.9935217475540056
2048454563,20|40|60|80|100|120|140|160|180|200,1,0.025,10.0,0.1,80,40,2,0.993657190251002,0.9936125641770804
2048454563,20|40|60|80|100|120|140|160|180|200,1,0.0001,0.01,1.0,55,40,2,0.9922528141014302,0.9921413348832704
2048454563,20|40|60|80|100|120|140|160|180|200,1,0.0001,0.1,1.0,55,40,2,0.9922284936595268,0.9920323549355808
2048454563,20|40|60|80|100|120|140|160|180|200,1,0.0001,1.0,1.0,55,40,2,0.9920112703540618,0.9918870483386611
2048454563,20|40|60|80|100|120|140|160|180|200,1,0.0001,10.0,1.0,55,40,2,0.9910441086015278,0.9908820110433014
2048454563,20|40|60|80|100|120|140|160|180|200,1,0.001,10.0,1.0,79,40,2,0.990823010395512,0.9907124866802288
2048454563,20|40|60|80|100|120|140|160|180|200,1,0.005,10.0,1.0,80,40,2,0.9918698965117974,0.9918386128063548
2048454563,20|40|60|80|100|120|140|160|180|200,1,0.01,10.0,1.0,80,40,2,0.993200757778438,0.9931584810617068
2048454563,20|40|60|80|100|120|140|160|180|200,1,0.025,10.0,1.0,80,40,2,0.9924599530255244,0.992347185895573
2048454563,20|40|60|80|100|120|140|160|180|200,1,0.0001,0.01,10.0,55,40,2,0.9909654913522196,0.9907700038748426
2048454563,20|40|60|80|100|120|140|160|180|200,1,0.0001,0.1,10.0,55,40,2,0.9903476727018764,0.9900888792017823
2048454563,20|40|60|80|100|120|140|160|180|200,1,0.0001,1.0,10.0,55,40,2,0.9902067140275282,0.9901918047079336
2048454563,20|40|60|80|100|120|140|160|180|200,1,0.0001,10.0,10.0,55,40,2,0.9893847829798872,0.9891050324518066
2048454563,20|40|60|80|100|120|140|160|180|200,1,0.001,10.0,10.0,79,40,2,0.9880870990706948,0.9876489392618426
2048454563,20|40|60|80|100|120|140|160|180|200,1,0.005,10.0,10.0,80,40,2,0.9911738577421398,0.991239223094062
2048454563,20|40|60|80|100|120|140|160|180|200,1,0.01,10.0,10.0,80,40,2,0.9909196182545204,0.9909667732248376
2048454563,20|40|60|80|100|120|140|160|180|200,1,0.025,10.0,10.0,80,40,2,0.9903958803798448,0.990642860602538
2048454563,20|40|60|80|100|120|140|160|180|200,2,0.0001,0.01,0.0001,45,40,2,0.9774200064835477,0.9768514285365958
2048454563,20|40|60|80|100|120|140|160|180|200,2,0.0001,0.1,0.0001,45,40,2,0.9775173197948068,0.9770007741589404
2048454563,20|40|60|80|100|120|140|160|180|200,2,0.0001,1.0,0.0001,45,40,2,0.9785009626305438,0.9778176032770696
2048454563,20|40|60|80|100|120|140|160|180|200,2,0.0001,10.0,0.0001,45,40,2,0.9800086035212164,0.9799693993867684
2048454563,20|40|60|80|100|120|140|160|180|200,2,0.001,10.0,0.0001,80,40,2,0.977505915779357,0.9771165932130036
2048454563,20|40|60|80|100|120|140|160|180|200,2,0.005,10.0,0.0001,80,40,2,0.974120611614662,0.9739224256167364
2048454563,20|40|60|80|100|120|140|160|180|200,2,0.01,10.0,0.0001,80,40,2,0.972034592542684,0.9712342044145348
2048454563,20|40|60|80|100|120|140|160|180|200,2,0.025,10.0,0.0001,80,40,2,0.9696443352291756,0.9697346524514018
2048454563,20|40|60|80|100|120|140|160|180|200,2,0.0001,0.01,0.001,52,40,2,0.9823571796590598,0.9816030576230272
2048454563,20|40|60|80|100|120|140|160|180|200,2,0.0001,0.1,0.001,52,40,2,0.9824544929703188,0.9816883979786528
2048454563,20|40|60|80|100|120|140|160|180|200,2,0.0001,1.0,0.001,52,40,2,0.9828189707413886,0.982310163426781
2048454563,20|40|60|80|100|120|140|160|180|200,2,0.0001,10.0,0.001,52,40,2,0.9817351528590224,0.981840791470841
2048454563,20|40|60|80|100|120|140|160|180|200,2,0.001,10.0,0.001,80,40,2,0.9818445856195736,0.9818468872105286
2048454563,20|40|60|80|100|120|140|160|180|200,2,0.005,10.0,0.001,80,40,2,0.9813414281524704,0.9815725789245896
2048454563,20|40|60|80|100|120|140|160|180|200,2,0.01,10.0,0.001,80,40,2,0.9802228616483734,0.9799206334692684
2048454563,20|40|60|80|100|120|140|160|180|200,2,0.025,10.0,0.001,80,40,2,0.9806401098196672,0.9797011868405172
2048454563,20|40|60|80|100|120|140|160|180|200,2,0.0001,0.01,0.01,52,40,2,0.985442001609898,0.985217831257734
2048454563,20|40|60|80|100|120|140|160|180|200,2,0.0001,0.1,0.01,52,40,2,0.9856491053986296,0.9854372778864852
2048454563,20|40|60|80|100|120|140|160|180|200,2,0.0001,1.0,0.01,52,40,2,0.986063134117632,0.9858761711439876
2048454563,20|40|60|80|100|120|140|160|180|200,2,0.0001,10.0,0.01,52,40,2,0.9842013463205752,0.9841145023742908
2048454563,20|40|60|80|100|120|140|160|180|200,2,0.001,10.0,0.01,80,40,2,0.9857036214574292,0.9859371285408628
2048454563,20|40|60|80|100|120|140|160|180|200,2,0.005,10.0,0.01,80,40,2,0.985900215523014,0.985699394693049
2048454563,20|40|60|80|100|120|140|160|180|200,2,0.01,10.0,0.01,80,40,2,0.9847718547296128,0.9844680552761677
2048454563,20|40|60|80|100|120|140|160|180|200,2,0.025,10.0,0.01,80,40,2,0.9852001491994352,0.9847545550414816
2048454563,20|40|60|80|100|120|140|160|180|200,2,0.0001,0.01,0.1,52,40,2,0.9840462974982253,0.9838828642661644
2048454563,20|40|60|80|100|120|140|160|180|200,2,0.0001,0.1,0.1,52,40,2,0.9848248039882976,0.98448634249523
2048454563,20|40|60|80|100|120|140|160|180|200,2,0.0001,1.0,0.1,52,40,2,0.984668145439802,0.9844192893586672
2048454563,20|40|60|80|100|120|140|160|180|200,2,0.0001,10.0,0.1,52,40,2,0.982938956151117,0.9829319288749092
2048454563,20|40|60|80|100|120|140|160|180|200,2,0.001,10.0,0.1,80,40,2,0.986990472309963,0.9870465531639936
2048454563,20|40|60|80|100|120|140|160|180|200,2,0.005,10.0,0.1,80,40,2,0.9860731072653968,0.9859127455821128
2048454563,20|40|60|80|100|120|140|160|180|200,2,0.01,10.0,0.1,80,40,2,0.986305701961937,0.9862784899633644
2048454563,20|40|60|80|100|120|140|160|180|200,2,0.025,10.0,0.1,80,40,2,0.9846080847687226,0.9843034703046042
2048454563,20|40|60|80|100|120|140|160|180|200,2,0.0001,0.01,1.0,54,40,2,0.9822944790371017,0.9817981212930283
2048454563,20|40|60|80|100|120|140|160|180|200,2,0.0001,0.1,1.0,54,40,2,0.9825974652694072,0.9820724295789672
2048454563,20|40|60|80|100|120|140|160|180|200,2,0.0001,1.0,1.0,54,40,2,0.98185495941029,0.9816152491024024
2048454563,20|40|60|80|100|120|140|160|180|200,2,0.0001,10.0,1.0,54,40,2,0.9813197361983654,0.9809630049558364
2048454563,20|40|60|80|100|120|140|160|180|200,2,0.001,10.0,1.0,79,40,2,0.985457519369942,0.9852665971752342
2048454563,20|40|60|80|100|120|140|160|180|200,2,0.005,10.0,1.0,80,40,2,0.9852452286858522,0.9851873525592963
2048454563,20|40|60|80|100|120|140|160|180|200,2,0.01,10.0,1.0,80,40,2,0.9855749578351912,0.985297075873672
2048454563,20|40|60|80|100|120|140|160|180|200,2,0.025,10.0,1.0,80,40,2,0.9853430785724931,0.9850471505464832
2048454563,20|40|60|80|100|120|140|160|180|200,2,0.0001,0.01,10.0,56,40,2,0.9819292858321892,0.981124542057556
2048454563,20|40|60|80|100|120|140|160|180|200,2,0.0001,0.1,10.0,56,40,2,0.9802122159927968,0.9796798517516108
2048454563,20|40|60|80|100|120|140|160|180|200,2,0.0001,1.0,10.0,56,40,2,0.9809909013413296,0.980173606666301
2048454563,20|40|60|80|100|120|140|160|180|200,2,0.0001,10.0,10.0,56,40,2,0.9768770422774468,0.9767935190095642
2048454563,20|40|60|80|100|120|140|160|180|200,2,0.001,10.0,10.0,79,40,2,0.9838520071296132,0.9828435406494402
2048454563,20|40|60|80|100|120|140|160|180|200,2,0.005,10.0,10.0,80,40,2,0.9833139436453334,0.9824686526586568
2048454563,20|40|60|80|100|120|140|160|180|200,2,0.01,10.0,10.0,80,40,2,0.9816900733726056,0.9813104621180256
2048454563,20|40|60|80|100|120|140|160|180|200,2,0.025,10.0,10.0,80,40,2,0.9800787231921216,0.979457357253016
2048454563,20|40|60|80|100|120|140|160|180|200,3,0.0001,0.01,0.0001,45,40,2,0.98101506581926,0.9810191215228732
2048454563,20|40|60|80|100|120|140|160|180|200,3,0.0001,0.1,0.0001,45,40,2,0.981137005756354,0.9812025707349588
2048454563,20|40|60|80|100|120|140|160|180|200,3,0.0001,1.0,0.0001,45,40,2,0.982520596755858,0.98267627940538
2048454563,20|40|60|80|100|120|140|160|180|200,3,0.0001,10.0,0.0001,45,40,2,0.9847559481566222,0.9851589587422722
2048454563,20|40|60|80|100|120|140|160|180|200,3,0.001,10.0,0.0001,79,40,2,0.9825988846809366,0.9824928301932944
2048454563,20|40|60|80|100|120|140|160|180|200,3,0.005,10.0,0.0001,80,40,2,0.9746589934853038,0.9742865354393304
2048454563,20|40|60|80|100|120|140|160|180|200,3,0.01,10.0,0.0001,80,40,2,0.9712295155933512,0.9704524469067404
2048454563,20|40|60|80|100|120|140|160|180|200,3,0.025,10.0,0.0001,80,40,2,0.9722219342087824,0.972097374841775
2048454563,20|40|60|80|100|120|140|160|180|200,3,0.0001,0.01,0.001,51,40,2,0.98493093909079,0.9852567983220512
2048454563,20|40|60|80|100|120|140|160|180|200,3,0.0001,0.1,0.001,51,40,2,0.9851024433046942,0.9854463625078732
2048454563,20|40|60|80|100|120|140|160|180|200,3,0.0001,1.0,0.001,51,40,2,0.9858714835296658,0.9864431032268716
2048454563,20|40|60|80|100|120|140|160|180|200,3,0.0001,10.0,0.001,51,40,2,0.9870534822981988,0.9872747396549932
2048454563,20|40|60|80|100|120|140|160|180|200,3,0.001,10.0,0.001,80,40,2,0.9849681880966642,0.9853301780068856
2048454563,20|40|60|80|100|120|140|160|180|200,3,0.005,10.0,0.001,80,40,2,0.9841270754044752,0.9842233677606352
2048454563,20|40|60|80|100|120|140|160|180|200,3,0.01,10.0,0.001,80,40,2,0.9840279468508548,0.983984883784924
2048454563,20|40|60|80|100|120|140|160|180|200,3,0.025,10.0,0.001,80,40,2,0.982705629012964,0.9826701644316438
2048454563,20|40|60|80|100|120|140|160|180|200,3,0.0001,0.01,0.01,53,40,2,0.9863989178284474,0.9865287128591782
2048454563,20|40|60|80|100|120|140|160|180|200,3,0.0001,0.1,0.01,53,40,2,0.9865696640596856,0.9867366219662086
2048454563,20|40|60|80|100|120|140|160|180|200,3,0.0001,1.0,0.01,53,40,2,0.9871916790160916,0.9874398439458704
2048454563,20|40|60|80|100|120|140|160|180|200,3,0.0001,10.0,0.01,53,40,2,0.9861977803870756,0.9865654027015954
2048454563,20|40|60|80|100|120|140|160|180|200,3,0.001,10.0,0.01,80,40,2,0.9854415102226396,0.985807145958308
2048454563,20|40|60|80|100|120|140|160|180|200,3,0.005,10.0,0.01,80,40,2,0.9858836472040686,0.986094549723909
2048454563,20|40|60|80|100|120|140|160|180|200,3,0.01,10.0,0.01,80,40,2,0.9861430258763896,0.9863085738046756
2048454563,20|40|60|80|100|120|140|160|180|200,3,0.025,10.0,0.01,80,40,2,0.986581524541022,0.9865592877278592
2048454563,20|40|60|80|100|120|140|160|180|200,3,0.0001,0.01,0.1,53,40,2,0.9836399220422318,0.9839237340475624
2048454563,20|40|60|80|100|120|140|160|180|200,3,0.0001,0.1,0.1,53,40,2,0.9840300692023194,0.9843150923666782
2048454563,20|40|60|80|100|120|140|160|180|200,3,0.0001,1.0,0.1,53,40,2,0.9845771313573772,0.98501831434634
2048454563,20|40|60|80|100|120|140|160|180|200,3,0.0001,10.0,0.1,53,40,2,0.9848053608368992,0.9850121993726038
2048454563,20|40|60|80|100|120|140|160|180|200,3,0.001,10.0,0.1,80,40,2,0.984251931627447,0.984694220738322
2048454563,20|40|60|80|100|120|140|160|180|200,3,0.005,10.0,0.1,80,40,2,0.9843560628666628,0.98463307100096
2048454563,20|40|60|80|100|120|140|160|180|200,3,0.01,10.0,0.1,80,40,2,0.9841232854911452,0.9842906324717337
2048454563,20|40|60|80|100|120|140|160|180|200,3,0.025,10.0,0.1,80,40,2,0.9838570490230832,0.9841866779182185
2048454563,20|40|60|80|100|120|140|160|180|200,3,0.0001,0.01,1.0,54,40,2,0.9812573937763692,0.9817896082136328
2048454563,20|40|60|80|100|120|140|160|180|200,3,0.0001,0.1,1.0,54,40,2,0.9819280634303864,0.9824928301932944
2048454563,20|40|60|80|100|120|140|160|180|200,3,0.0001,1.0,1.0,54,40,2,0.9825494720006596,0.9831593623305388
2048454563,20|40|60|80|100|120|140|160|180|200,3,0.0001,10.0,1.0,54,40,2,0.9824097593174344,0.982939223276036
2048454563,20|40|60|80|100|120|140|160|180|200,3,0.001,10.0,1.0,80,40,2,0.9829724718671587,0.9836791350981148
2048454563,20|40|60|80|100|120|140|160|180|200,3,0.005,10.0,1.0,80,40,2,0.9821112765290936,0.9825539799306564
2048454563,20|40|60|80|100|120|140|160|180|200,3,0.01,10.0,1.0,80,40,2,0.9816335581036556,0.9821381617165954
2048454563,20|40|60|80|100|120|140|160|180|200,3,0.025,10.0,1.0,80,40,2,0.9817310190954108,0.982058667058025
2048454563,20|40|60|80|100|120|140|160|180|200,3,0.0001,0.01,10.0,56,40,2,0.9764648083927676,0.9769710089095168
2048454563,20|40|60|80|100|120|140|160|180|200,3,0.0001,0.1,10.0,56,40,2,0.9784795640682902,0.9787657537010878
2048454563,20|40|60|80|100|120|140|160|180|200,3,0.0001,1.0,10.0,56,40,2,0.9785663953268482,0.979126537151523
2048454563,20|40|60|80|100|120|140|160|180|200,3,0.0001,10.0,10.0,56,40,2,0.9793325372418152,0.9795943326423412
2048454563,20|40|60|80|100|120|140|160|180|200,3,0.001,10.0,10.0,79,40,2,0.9790348483878876,0.9784814074223552
2048454563,20|40|60|80|100|120|140|160|180|200,3,0.005,10.0,10.0,80,40,2,0.9800810400313116,0.980493233781561
2048454563,20|40|60|80|100|120|140|160|180|200,3,0.01,10.0,10.0,80,40,2,0.9780646347697974,0.9780319568527454
2048454563,20|40|60|80|100|120|140|160|180|200,3,0.025,10.0,10.0,80,40,2,0.9762927337444776,0.9766010529984772
2048454563,20|40|60|80|100|120|140|160|180|200,1,0.001,1.0,0.01,40,20,2,0.9923130796868892,0.9921897704155769
2048454563,20|40|60|80|100|120|140|160|180|200,1,0.001,1.0,0.01,118,60,2,0.9928819806748147,0.9928497045432529
2048454563,20|40|60|80|100|120|140|160|180|200,1,0.001,1.0,0.01,155,80,2,0.9929454111763752,0.9929163034001744
2048454563,20|40|60|80|100|120|140|160|180|200,1,0.001,1.0,0.01,187,100,2,0.992875217636773,0.9927891601278698
2048454563,20|40|60|80|100|120|140|160|180|200,1,0.001,1.0,0.01,202,120,2,0.9930091184565467,0.9928133778940229
2048454563,20|40|60|80|100|120|140|160|180|200,1,0.001,1.0,0.01,204,140,2,0.9929722226257756,0.9927831056863314
2048454563,20|40|60|80|100|120|140|160|180|200,1,0.001,1.0,0.01,204,160,2,0.9929722226257756,0.9927831056863314
2048454563,20|40|60|80|100|120|140|160|180|200,1,0.001,1.0,0.01,204,180,2,0.9929722226257756,0.9927831056863314
2048454563,20|40|60|80|100|120|140|160|180|200,1,0.001,1.0,0.01,204,200,2,0.9929722226257756,0.9927831056863314
2048454563,20|40|60|80|100|120|140|160|180|200,2,0.001,1.0,0.01,40,20,2,0.9855653424043477,0.9851995440386714
2048454563,20|40|60|80|100|120|140|160|180|200,2,0.001,1.0,0.01,120,60,2,0.9869246881681437,0.9868819681924303
2048454563,20|40|60|80|100|120|140|160|180|200,2,0.001,1.0,0.01,160,80,2,0.9873625980688094,0.9872172338752445
2048454563,20|40|60|80|100|120|140|160|180|200,2,0.001,1.0,0.01,195,100,2,0.9875076737433949,0.9873269571896202
2048454563,20|40|60|80|100|120|140|160|180|200,2,0.001,1.0,0.01,204,120,2,0.9876049870546539,0.987473254942121
2048454563,20|40|60|80|100|120|140|160|180|200,2,0.001,1.0,0.01,204,140,2,0.9876049870546539,0.987473254942121
2048454563,20|40|60|80|100|120|140|160|180|200,2,0.001,1.0,0.01,204,160,2,0.9876049870546539,0.987473254942121
2048454563,20|40|60|80|100|120|140|160|180|200,2,0.001,1.0,0.01,204,180,2,0.9876049870546539,0.987473254942121
2048454563,20|40|60|80|100|120|140|160|180|200,2,0.001,1.0,0.01,204,200,2,0.9876049870546539,0.987473254942121
2048454563,20|40|60|80|100|120|140|160|180|200,3,0.001,1.0,0.01,40,20,2,0.9863127109318957,0.9865287128591783
2048454563,20|40|60|80|100|120|140|160|180|200,3,0.001,1.0,0.01,120,60,2,0.9863615172260398,0.9866448973601659
2048454563,20|40|60|80|100|120|140|160|180|200,3,0.001,1.0,0.01,158,80,2,0.986923320196565,0.9872135899176313
2048454563,20|40|60|80|100|120|140|160|180|200,3,0.001,1.0,0.01,190,100,2,0.9873643960022616,0.9875866033155387
2048454563,20|40|60|80|100|120|140|160|180|200,3,0.001,1.0,0.01,204,120,2,0.987266025431307,0.9876049482367473
2048454563,20|40|60|80|100|120|140|160|180|200,3,0.001,1.0,0.01,204,140,2,0.987266025431307,0.9876049482367473
2048454563,20|40|60|80|100|120|140|160|180|200,3,0.001,1.0,0.01,204,160,2,0.987266025431307,0.9876049482367473
2048454563,20|40|60|80|100|120|140|160|180|200,3,0.001,1.0,0.01,204,180,2,0.987266025431307,0.9876049482367473
2048454563,20|40|60|80|100|120|140|160|180|200,3,0.001,1.0,0.01,204,200,2,0.987266025431307,0.9876049482367473
