false_positive_rate,M_0_macro_true_positive_rate,M_0_micro_true_positive_rate,M_1_macro_true_positive_rate,M_1_micro_true_positive_rate,M_rand_macro_true_positive_rate,M_rand_micro_true_positive_rate
0.0,0.0,0.0,0.0,0.0,0.0,0.0
0.001,0.6469880735799474,0.6465927099841522,0.6607186173438447,0.6434231378763867,0.6160905599353144,0.6275752773375595
0.002,0.6886901152213463,0.7115689381933439,0.7038609258136244,0.6798732171156894,0.6582878512229634,0.6624405705229794
0.003,0.7244794825146553,0.7321711568938193,0.7232413583990297,0.7210776545166403,0.688952900747928,0.6925515055467512
0.004,0.7377299373357591,0.7369255150554676,0.7448200929856479,0.7622820919175911,0.7039064079239943,0.7242472266244057
0.005,0.7541691934505761,0.7543581616481775,0.7600363856882959,0.7812995245641838,0.7330857085102083,0.7416798732171157
0.006,0.7671720234485546,0.7765451664025357,0.788998382858298,0.803486529318542,0.7473115019203558,0.7559429477020603
0.007,0.780902567212452,0.7955625990491284,0.8017535880331514,0.8050713153724247,0.7563826561552456,0.7638668779714739
0.008,0.7914443096826359,0.7971473851030111,0.8096017788558723,0.8129952456418383,0.7701131999191428,0.7733755942947702
0.009000000000000001,0.7961036992116435,0.8019017432646592,0.8176975945017182,0.8161648177496038,0.7782090155649888,0.7812995245641838
0.01,0.8056701030927835,0.8161648177496038,0.8211340206185567,0.820919175911252,0.7811501920355771,0.7876386687797148
0.011,0.8120477056802102,0.8193343898573693,0.8226046088538508,0.8240887480190174,0.7875277946230039,0.7939778129952456
0.012,0.8137659187386295,0.8240887480190174,0.8240751970891449,0.8288431061806656,0.7892460076814232,0.8019017432646592
0.013000000000000001,0.8203911461491813,0.8272583201267829,0.8302051748534465,0.8320126782884311,0.8046947645037397,0.8050713153724247
0.014,0.8235799474428946,0.8320126782884311,0.8331463513240347,0.8367670364500792,0.8110723670911664,0.8066561014263075
0.015,0.826768748736608,0.8335974643423137,0.8348645643824539,0.8399366085578447,0.8142611683848797,0.8098256735340729
0.016,0.8316757630887406,0.838351822503962,0.8422175055589246,0.8415213946117274,0.8189205579138872,0.8177496038034865
0.017,0.8363351526177482,0.838351822503962,0.8535021224984839,0.8431061806656102,0.8203911461491813,0.8225039619651348
0.018000000000000002,0.8378057408530423,0.8446909667194928,0.8564432989690721,0.8462757527733756,0.8203911461491813,0.8225039619651348
0.019,0.8530068728522336,0.8510301109350238,0.8613503133212048,0.849445324881141,0.8235799474428946,0.8240887480190174
0.02,0.8544774610875278,0.8526148969889065,0.8613503133212048,0.849445324881141,0.8270163735597331,0.8288431061806656
0.021,0.8544774610875278,0.8557844690966719,0.864291489791793,0.8510301109350238,0.8270163735597331,0.8288431061806656
0.022,0.8579138872043662,0.8605388272583201,0.8672326662623813,0.8526148969889065,0.8287345866181524,0.8320126782884311
0.023,0.8630685263796241,0.8605388272583201,0.8689508793208005,0.8589540412044374,0.8287345866181524,0.8320126782884311
0.024,0.8665049524964625,0.8652931854199684,0.8706690923792197,0.8621236133122029,0.8331463513240347,0.8351822503961965
0.025,0.8679755407317566,0.8716323296354992,0.8706690923792197,0.8684627575277337,0.8407469173236305,0.838351822503962
0.026000000000000002,0.87116434202547,0.8779714738510301,0.8755761067313523,0.8700475435816165,0.8407469173236305,0.838351822503962
0.027,0.8760713563776026,0.8827258320126783,0.8772943197897716,0.8748019017432647,0.8422175055589246,0.8431061806656102
0.028,0.8792601576713159,0.8858954041204438,0.8790125328481908,0.8748019017432647,0.8422175055589246,0.849445324881141
0.029,0.8792601576713159,0.8906497622820919,0.8804831210834849,0.8779714738510301,0.845406306852638,0.849445324881141
0.03,0.8824489589650293,0.8906497622820919,0.881953709318779,0.8811410459587956,0.845406306852638,0.8541996830427893
0.031,0.8824489589650293,0.8922345483359746,0.881953709318779,0.8827258320126783,0.845406306852638,0.8557844690966719
0.032,0.8885789367293309,0.8954041204437401,0.881953709318779,0.8858954041204438,0.845406306852638,0.8589540412044374
0.033,0.8885789367293309,0.8954041204437401,0.8868607236709116,0.8922345483359746,0.8485951081463513,0.8621236133122029
0.034,0.8920153628461693,0.8954041204437401,0.8902971497877501,0.8938193343898574,0.8517839094400647,0.866877971473851
0.035,0.8920153628461693,0.8954041204437401,0.8920153628461693,0.8954041204437401,0.8517839094400647,0.866877971473851
0.036000000000000004,0.8937335759045886,0.8954041204437401,0.8969223771983019,0.901743264659271,0.854972710733778,0.866877971473851
0.037,0.8986405902567212,0.8954041204437401,0.8969223771983019,0.9033280507131537,0.8584091368506166,0.866877971473851
0.038,0.8986405902567212,0.8954041204437401,0.8986405902567212,0.9033280507131537,0.8633161512027492,0.8700475435816165
0.039,0.9003588033151404,0.8969889064976229,0.8986405902567212,0.9080824088748018,0.8633161512027492,0.8748019017432647
0.04,0.9003588033151404,0.8985736925515055,0.8986405902567212,0.9144215530903328,0.8650343642611684,0.8748019017432647
0.041,0.9003588033151404,0.901743264659271,0.9003588033151404,0.9144215530903328,0.8650343642611684,0.8779714738510301
0.042,0.9003588033151404,0.9049128367670365,0.9003588033151404,0.9144215530903328,0.8667525773195877,0.8811410459587956
0.043000000000000003,0.903795229431979,0.9049128367670365,0.9020770163735596,0.9160063391442155,0.8716595916717202,0.884310618066561
0.044,0.903795229431979,0.9080824088748018,0.9020770163735596,0.919175911251981,0.8748483929654336,0.8874801901743264
0.045,0.903795229431979,0.9080824088748018,0.9020770163735596,0.9207606973058637,0.8765666060238528,0.8874801901743264
0.046,0.903795229431979,0.9096671949286846,0.9020770163735596,0.9207606973058637,0.8800030321406913,0.8874801901743264
0.047,0.903795229431979,0.9128367670364501,0.9055134424903982,0.9223454833597464,0.885157671315949,0.8906497622820919
0.048,0.903795229431979,0.9144215530903328,0.9072316555488175,0.9239302694136292,0.885157671315949,0.8906497622820919
0.049,0.903795229431979,0.9160063391442155,0.9089498686072367,0.9239302694136292,0.8866282595512431,0.8922345483359746
0.05,0.903795229431979,0.9160063391442155,0.9123862947240752,0.9255150554675119,0.8866282595512431,0.8922345483359746
0.051000000000000004,0.903795229431979,0.9160063391442155,0.9123862947240752,0.9255150554675119,0.8866282595512431,0.8938193343898574
0.052000000000000005,0.903795229431979,0.9175911251980983,0.9123862947240752,0.9255150554675119,0.8866282595512431,0.8954041204437401
0.053,0.903795229431979,0.9207606973058637,0.9123862947240752,0.9255150554675119,0.8883464726096624,0.8954041204437401
0.054,0.903795229431979,0.9239302694136292,0.9141045077824944,0.9255150554675119,0.8900646856680816,0.8954041204437401
0.055,0.9055134424903982,0.9239302694136292,0.9158227208409137,0.9255150554675119,0.8917828987265009,0.8969889064976229
0.056,0.9072316555488175,0.9239302694136292,0.9158227208409137,0.9255150554675119,0.8917828987265009,0.8969889064976229
0.057,0.9072316555488175,0.9255150554675119,0.9158227208409137,0.9270998415213946,0.8935011117849202,0.8969889064976229
0.058,0.9123862947240752,0.9286846275752774,0.9158227208409137,0.9270998415213946,0.8935011117849202,0.8969889064976229
0.059000000000000004,0.9123862947240752,0.9286846275752774,0.9175409338993329,0.9286846275752774,0.8935011117849202,0.8985736925515055
0.06,0.9123862947240752,0.9286846275752774,0.9192591469577521,0.9286846275752774,0.8949717000202143,0.8985736925515055
0.061,0.9123862947240752,0.9286846275752774,0.92441378613301,0.9286846275752774,0.8949717000202143,0.9001584786053882
0.062,0.9141045077824944,0.9286846275752774,0.92441378613301,0.9286846275752774,0.8966899130786335,0.9001584786053882
0.063,0.9141045077824944,0.9286846275752774,0.92441378613301,0.9286846275752774,0.8984081261370528,0.9001584786053882
0.064,0.9141045077824944,0.93026941362916,0.92441378613301,0.93026941362916,0.8984081261370528,0.901743264659271
0.065,0.9158227208409137,0.9318541996830428,0.92441378613301,0.9334389857369255,0.8984081261370528,0.9049128367670365
0.066,0.9158227208409137,0.9318541996830428,0.9261319991914292,0.9334389857369255,0.8984081261370528,0.9049128367670365
0.067,0.9192591469577521,0.9334389857369255,0.9278502122498484,0.936608557844691,0.900126339195472,0.9049128367670365
0.068,0.9192591469577521,0.9350237717908082,0.9278502122498484,0.936608557844691,0.9015969274307661,0.9064976228209192
0.069,0.9192591469577521,0.9350237717908082,0.9278502122498484,0.936608557844691,0.9015969274307661,0.9064976228209192
0.07,0.9192591469577521,0.936608557844691,0.9278502122498484,0.9381933438985737,0.9015969274307661,0.9064976228209192
0.07100000000000001,0.9192591469577521,0.936608557844691,0.9278502122498484,0.9397781299524565,0.9015969274307661,0.9064976228209192
0.07200000000000001,0.9192591469577521,0.936608557844691,0.9278502122498484,0.9413629160063391,0.9065039417828987,0.9064976228209192
0.073,0.9192591469577521,0.936608557844691,0.9278502122498484,0.9413629160063391,0.9079745300181928,0.9064976228209192
0.074,0.9192591469577521,0.9381933438985737,0.9278502122498484,0.9413629160063391,0.9079745300181928,0.9080824088748018
0.075,0.9209773600161715,0.9381933438985737,0.9278502122498484,0.9413629160063391,0.9079745300181928,0.9080824088748018
0.076,0.92441378613301,0.9381933438985737,0.9278502122498484,0.9413629160063391,0.9079745300181928,0.9096671949286846
0.077,0.9261319991914292,0.9381933438985737,0.9295684253082677,0.9413629160063391,0.9079745300181928,0.9112519809825673
0.078,0.9261319991914292,0.9397781299524565,0.9295684253082677,0.9413629160063391,0.9079745300181928,0.9128367670364501
0.079,0.9261319991914292,0.9397781299524565,0.9295684253082677,0.9429477020602218,0.9096927430766121,0.9128367670364501
0.08,0.9261319991914292,0.9397781299524565,0.9295684253082677,0.9445324881141046,0.9096927430766121,0.9160063391442155
0.081,0.9261319991914292,0.9397781299524565,0.9295684253082677,0.9461172741679873,0.9096927430766121,0.9160063391442155
0.082,0.9261319991914292,0.9397781299524565,0.9295684253082677,0.9477020602218701,0.9096927430766121,0.9160063391442155
0.083,0.9261319991914292,0.9413629160063391,0.9295684253082677,0.9477020602218701,0.9096927430766121,0.9160063391442155
0.084,0.9261319991914292,0.9413629160063391,0.9295684253082677,0.9477020602218701,0.9096927430766121,0.9160063391442155
0.085,0.9261319991914292,0.9413629160063391,0.9295684253082677,0.9477020602218701,0.9111633313119062,0.9160063391442155
0.08600000000000001,0.9261319991914292,0.9413629160063391,0.9295684253082677,0.9477020602218701,0.9111633313119062,0.9160063391442155
0.08700000000000001,0.9261319991914292,0.9429477020602218,0.9295684253082677,0.9477020602218701,0.9111633313119062,0.9175911251980983
0.088,0.9261319991914292,0.9429477020602218,0.9295684253082677,0.9477020602218701,0.9111633313119062,0.9175911251980983
0.089,0.9261319991914292,0.9445324881141046,0.9312866383666869,0.9508716323296355,0.9111633313119062,0.919175911251981
0.09,0.9261319991914292,0.9461172741679873,0.9312866383666869,0.9508716323296355,0.9111633313119062,0.919175911251981
0.091,0.9261319991914292,0.9477020602218701,0.9312866383666869,0.9508716323296355,0.9111633313119062,0.9207606973058637
0.092,0.9261319991914292,0.9477020602218701,0.9312866383666869,0.9508716323296355,0.9128815443703254,0.9207606973058637
0.093,0.9278502122498484,0.9477020602218701,0.9312866383666869,0.9508716323296355,0.9128815443703254,0.9207606973058637
0.094,0.9295684253082677,0.9477020602218701,0.9312866383666869,0.9508716323296355,0.9160703456640388,0.9207606973058637
0.095,0.9295684253082677,0.9477020602218701,0.9312866383666869,0.9508716323296355,0.9175409338993329,0.9239302694136292
0.096,0.932757226601981,0.9477020602218701,0.9312866383666869,0.9508716323296355,0.9175409338993329,0.9239302694136292
0.097,0.932757226601981,0.9477020602218701,0.9312866383666869,0.9508716323296355,0.9175409338993329,0.9239302694136292
0.098,0.932757226601981,0.9492868462757528,0.9312866383666869,0.9508716323296355,0.9175409338993329,0.9239302694136292
0.099,0.932757226601981,0.9492868462757528,0.9312866383666869,0.9508716323296355,0.9175409338993329,0.9239302694136292
0.1,0.9342278148372751,0.9492868462757528,0.9330048514251061,0.9524564183835182,0.9175409338993329,0.9239302694136292
0.101,0.9359460278956944,0.9508716323296355,0.9347230644835254,0.9524564183835182,0.9175409338993329,0.9239302694136292
0.10200000000000001,0.9359460278956944,0.9508716323296355,0.9347230644835254,0.9524564183835182,0.9175409338993329,0.9239302694136292
0.10300000000000001,0.9359460278956944,0.9524564183835182,0.9364412775419446,0.9524564183835182,0.9175409338993329,0.9239302694136292
0.10400000000000001,0.9359460278956944,0.9524564183835182,0.9364412775419446,0.9524564183835182,0.9175409338993329,0.9239302694136292
0.105,0.9359460278956944,0.9524564183835182,0.9364412775419446,0.9524564183835182,0.9175409338993329,0.9239302694136292
0.106,0.9359460278956944,0.9524564183835182,0.9364412775419446,0.9524564183835182,0.9175409338993329,0.9239302694136292
0.107,0.9374166161309885,0.9524564183835182,0.939630078835658,0.9524564183835182,0.9175409338993329,0.9255150554675119
0.108,0.9374166161309885,0.9524564183835182,0.939630078835658,0.9524564183835182,0.9207297351930462,0.9255150554675119
0.109,0.9391348291894077,0.9540412044374009,0.939630078835658,0.9524564183835182,0.9207297351930462,0.9255150554675119
0.11,0.9391348291894077,0.9540412044374009,0.9413482918940772,0.9524564183835182,0.9224479482514656,0.9255150554675119
0.111,0.9391348291894077,0.9540412044374009,0.9413482918940772,0.9524564183835182,0.9224479482514656,0.9255150554675119
0.112,0.9391348291894077,0.9540412044374009,0.9413482918940772,0.9524564183835182,0.9241661613098848,0.9255150554675119
0.113,0.9391348291894077,0.9540412044374009,0.9413482918940772,0.9524564183835182,0.9241661613098848,0.9270998415213946
0.114,0.940853042247827,0.9540412044374009,0.9413482918940772,0.9540412044374009,0.9241661613098848,0.9270998415213946
0.115,0.940853042247827,0.9540412044374009,0.9413482918940772,0.9556259904912837,0.9241661613098848,0.9270998415213946
0.116,0.940853042247827,0.9556259904912837,0.9413482918940772,0.9587955625990491,0.9258843743683041,0.9270998415213946
0.117,0.940853042247827,0.9556259904912837,0.9413482918940772,0.9587955625990491,0.9258843743683041,0.9270998415213946
0.11800000000000001,0.940853042247827,0.9572107765451664,0.9413482918940772,0.9587955625990491,0.9258843743683041,0.9270998415213946
0.11900000000000001,0.940853042247827,0.9572107765451664,0.9413482918940772,0.9587955625990491,0.9258843743683041,0.9270998415213946
0.12,0.940853042247827,0.9572107765451664,0.9413482918940772,0.9587955625990491,0.9258843743683041,0.9270998415213946
0.121,0.940853042247827,0.9572107765451664,0.9413482918940772,0.9587955625990491,0.9258843743683041,0.9270998415213946
0.122,0.940853042247827,0.9572107765451664,0.9430665049524964,0.9603803486529319,0.9258843743683041,0.9286846275752774
0.123,0.940853042247827,0.9572107765451664,0.9430665049524964,0.9603803486529319,0.9258843743683041,0.9286846275752774
0.124,0.9425712553062462,0.9587955625990491,0.9430665049524964,0.9603803486529319,0.9258843743683041,0.9286846275752774
0.125,0.9425712553062462,0.9587955625990491,0.9447847180109157,0.9603803486529319,0.9258843743683041,0.93026941362916
0.126,0.9425712553062462,0.9587955625990491,0.9447847180109157,0.9603803486529319,0.9276025874267233,0.93026941362916
0.127,0.9425712553062462,0.9587955625990491,0.9465029310693349,0.9603803486529319,0.9276025874267233,0.9318541996830428
0.128,0.9425712553062462,0.9587955625990491,0.9465029310693349,0.9603803486529319,0.9276025874267233,0.9318541996830428
0.129,0.9425712553062462,0.9587955625990491,0.9465029310693349,0.9603803486529319,0.9293208004851425,0.9318541996830428
0.13,0.9425712553062462,0.9587955625990491,0.9465029310693349,0.9603803486529319,0.9293208004851425,0.9334389857369255
0.131,0.9442894683646654,0.9587955625990491,0.947973519304629,0.9603803486529319,0.9293208004851425,0.9350237717908082
0.132,0.9442894683646654,0.9587955625990491,0.947973519304629,0.9603803486529319,0.9293208004851425,0.9350237717908082
0.133,0.9442894683646654,0.9587955625990491,0.947973519304629,0.9603803486529319,0.9293208004851425,0.9350237717908082
0.134,0.9460076814230847,0.9603803486529319,0.947973519304629,0.9603803486529319,0.9293208004851425,0.9350237717908082
0.135,0.9460076814230847,0.9603803486529319,0.947973519304629,0.9603803486529319,0.9293208004851425,0.9350237717908082
0.136,0.9460076814230847,0.9603803486529319,0.947973519304629,0.9603803486529319,0.9293208004851425,0.9350237717908082
0.137,0.9477258944815039,0.9603803486529319,0.947973519304629,0.9603803486529319,0.9293208004851425,0.9350237717908082
0.138,0.9494441075399231,0.9603803486529319,0.9496917323630483,0.9619651347068146,0.932757226601981,0.9350237717908082
0.139,0.9494441075399231,0.9603803486529319,0.9514099454214675,0.9635499207606973,0.932757226601981,0.9350237717908082
0.14,0.9494441075399231,0.9603803486529319,0.9514099454214675,0.96513470681458,0.932757226601981,0.9350237717908082
0.14100000000000001,0.9494441075399231,0.9603803486529319,0.9514099454214675,0.96513470681458,0.932757226601981,0.9350237717908082
0.14200000000000002,0.9494441075399231,0.9603803486529319,0.9514099454214675,0.96513470681458,0.932757226601981,0.9350237717908082
0.14300000000000002,0.9494441075399231,0.9603803486529319,0.9514099454214675,0.96513470681458,0.932757226601981,0.9350237717908082
0.14400000000000002,0.9494441075399231,0.9603803486529319,0.9514099454214675,0.96513470681458,0.932757226601981,0.9350237717908082
0.145,0.9494441075399231,0.9603803486529319,0.9514099454214675,0.96513470681458,0.932757226601981,0.9350237717908082
0.146,0.9494441075399231,0.9603803486529319,0.9514099454214675,0.96513470681458,0.932757226601981,0.9350237717908082
0.147,0.9494441075399231,0.9619651347068146,0.9514099454214675,0.96513470681458,0.932757226601981,0.9350237717908082
0.148,0.9494441075399231,0.9619651347068146,0.9514099454214675,0.96513470681458,0.932757226601981,0.9350237717908082
0.149,0.9511623205983424,0.9619651347068146,0.9528805336567616,0.96513470681458,0.932757226601981,0.936608557844691
0.15,0.9511623205983424,0.9619651347068146,0.9528805336567616,0.96513470681458,0.932757226601981,0.936608557844691
0.151,0.9511623205983424,0.9619651347068146,0.9528805336567616,0.96513470681458,0.932757226601981,0.936608557844691
0.152,0.9511623205983424,0.9619651347068146,0.9528805336567616,0.9667194928684627,0.932757226601981,0.9381933438985737
0.153,0.9511623205983424,0.9619651347068146,0.9528805336567616,0.9667194928684627,0.932757226601981,0.9397781299524565
0.154,0.9511623205983424,0.9619651347068146,0.9528805336567616,0.9667194928684627,0.932757226601981,0.9397781299524565
0.155,0.9528805336567616,0.9619651347068146,0.9528805336567616,0.9667194928684627,0.932757226601981,0.9397781299524565
0.156,0.9528805336567616,0.9619651347068146,0.9545987467151809,0.9683042789223455,0.932757226601981,0.9397781299524565
0.157,0.9528805336567616,0.9619651347068146,0.9545987467151809,0.9683042789223455,0.932757226601981,0.9397781299524565
0.158,0.9545987467151809,0.9619651347068146,0.9545987467151809,0.9683042789223455,0.932757226601981,0.9397781299524565
0.159,0.9545987467151809,0.9619651347068146,0.9545987467151809,0.9683042789223455,0.932757226601981,0.9397781299524565
0.16,0.9545987467151809,0.9619651347068146,0.9545987467151809,0.9698890649762282,0.932757226601981,0.9397781299524565
0.161,0.9545987467151809,0.9619651347068146,0.9545987467151809,0.9698890649762282,0.932757226601981,0.9397781299524565
0.162,0.9545987467151809,0.9619651347068146,0.9545987467151809,0.9698890649762282,0.9344754396604003,0.9397781299524565
0.163,0.9545987467151809,0.9619651347068146,0.9545987467151809,0.9698890649762282,0.9344754396604003,0.9397781299524565
0.164,0.9545987467151809,0.9619651347068146,0.9545987467151809,0.9698890649762282,0.9344754396604003,0.9397781299524565
0.165,0.9545987467151809,0.9619651347068146,0.9545987467151809,0.9698890649762282,0.9344754396604003,0.9413629160063391
0.166,0.9545987467151809,0.9619651347068146,0.9545987467151809,0.9698890649762282,0.9344754396604003,0.9429477020602218
0.167,0.9563169597736002,0.9619651347068146,0.9545987467151809,0.9698890649762282,0.9344754396604003,0.9445324881141046
0.168,0.9563169597736002,0.9619651347068146,0.9545987467151809,0.971473851030111,0.9344754396604003,0.9445324881141046
0.169,0.9563169597736002,0.9619651347068146,0.9545987467151809,0.971473851030111,0.9359460278956944,0.9445324881141046
0.17,0.9563169597736002,0.9635499207606973,0.9545987467151809,0.971473851030111,0.9359460278956944,0.9445324881141046
0.171,0.9563169597736002,0.9635499207606973,0.9545987467151809,0.9730586370839936,0.9359460278956944,0.9445324881141046
0.17200000000000001,0.9563169597736002,0.9635499207606973,0.9545987467151809,0.9730586370839936,0.9359460278956944,0.9445324881141046
0.17300000000000001,0.9563169597736002,0.9635499207606973,0.9545987467151809,0.9730586370839936,0.9359460278956944,0.9445324881141046
0.17400000000000002,0.9563169597736002,0.9635499207606973,0.9545987467151809,0.9730586370839936,0.9359460278956944,0.9445324881141046
0.17500000000000002,0.9563169597736002,0.9635499207606973,0.9545987467151809,0.9730586370839936,0.9359460278956944,0.9445324881141046
0.176,0.9563169597736002,0.9635499207606973,0.9545987467151809,0.9730586370839936,0.9359460278956944,0.9445324881141046
0.177,0.9563169597736002,0.9635499207606973,0.9545987467151809,0.9730586370839936,0.9359460278956944,0.9445324881141046
0.178,0.9563169597736002,0.9635499207606973,0.9545987467151809,0.9730586370839936,0.9359460278956944,0.9445324881141046
0.179,0.9563169597736002,0.9635499207606973,0.9545987467151809,0.9730586370839936,0.9359460278956944,0.9445324881141046
0.18,0.9580351728320194,0.9635499207606973,0.9563169597736002,0.9730586370839936,0.9376642409541136,0.9445324881141046
0.181,0.9580351728320194,0.9635499207606973,0.9580351728320194,0.9730586370839936,0.9376642409541136,0.9477020602218701
0.182,0.9580351728320194,0.9635499207606973,0.9597533858904387,0.9730586370839936,0.9376642409541136,0.9477020602218701
0.183,0.9580351728320194,0.9635499207606973,0.9614715989488579,0.9730586370839936,0.9393824540125328,0.9477020602218701
0.184,0.9597533858904387,0.9635499207606973,0.9614715989488579,0.9730586370839936,0.9393824540125328,0.9477020602218701
0.185,0.9597533858904387,0.9635499207606973,0.9614715989488579,0.9730586370839936,0.9393824540125328,0.9477020602218701
0.186,0.9597533858904387,0.9635499207606973,0.9614715989488579,0.9730586370839936,0.9393824540125328,0.9477020602218701
0.187,0.9597533858904387,0.9635499207606973,0.9614715989488579,0.9730586370839936,0.9393824540125328,0.9477020602218701
0.188,0.9597533858904387,0.9635499207606973,0.9614715989488579,0.9730586370839936,0.9393824540125328,0.9492868462757528
0.189,0.9597533858904387,0.9635499207606973,0.9614715989488579,0.9730586370839936,0.9393824540125328,0.9492868462757528
0.19,0.9597533858904387,0.9635499207606973,0.9614715989488579,0.9730586370839936,0.9393824540125328,0.9492868462757528
0.191,0.9597533858904387,0.9635499207606973,0.9614715989488579,0.9730586370839936,0.9393824540125328,0.9492868462757528
0.192,0.9597533858904387,0.9635499207606973,0.9631898120072772,0.9730586370839936,0.9393824540125328,0.9492868462757528
0.193,0.9597533858904387,0.9635499207606973,0.9631898120072772,0.9730586370839936,0.9393824540125328,0.9492868462757528
0.194,0.9597533858904387,0.9635499207606973,0.9631898120072772,0.9730586370839936,0.9393824540125328,0.9492868462757528
0.195,0.9614715989488579,0.9635499207606973,0.9631898120072772,0.9730586370839936,0.9393824540125328,0.9492868462757528
0.196,0.9614715989488579,0.9635499207606973,0.9631898120072772,0.9730586370839936,0.9393824540125328,0.9492868462757528
0.197,0.9614715989488579,0.9635499207606973,0.9631898120072772,0.9730586370839936,0.9393824540125328,0.9492868462757528
0.198,0.9614715989488579,0.9635499207606973,0.9631898120072772,0.9730586370839936,0.9393824540125328,0.9492868462757528
0.199,0.9614715989488579,0.9635499207606973,0.9631898120072772,0.9730586370839936,0.9393824540125328,0.9492868462757528
0.2,0.9614715989488579,0.9635499207606973,0.9631898120072772,0.9730586370839936,0.9393824540125328,0.9492868462757528
0.201,0.9614715989488579,0.9635499207606973,0.9631898120072772,0.9746434231378764,0.9393824540125328,0.9492868462757528
0.202,0.9614715989488579,0.9635499207606973,0.9631898120072772,0.9746434231378764,0.9393824540125328,0.9492868462757528
0.203,0.9614715989488579,0.9635499207606973,0.9631898120072772,0.9746434231378764,0.9393824540125328,0.9492868462757528
0.20400000000000001,0.9614715989488579,0.9635499207606973,0.9631898120072772,0.9746434231378764,0.9393824540125328,0.9508716323296355
0.20500000000000002,0.9614715989488579,0.9635499207606973,0.9631898120072772,0.9746434231378764,0.9393824540125328,0.9508716323296355
0.20600000000000002,0.9614715989488579,0.96513470681458,0.9631898120072772,0.9746434231378764,0.9393824540125328,0.9508716323296355
0.20700000000000002,0.9614715989488579,0.96513470681458,0.9631898120072772,0.9746434231378764,0.9393824540125328,0.9508716323296355
0.20800000000000002,0.9614715989488579,0.96513470681458,0.9631898120072772,0.9746434231378764,0.9393824540125328,0.9508716323296355
0.209,0.9614715989488579,0.96513470681458,0.9631898120072772,0.9746434231378764,0.9393824540125328,0.9508716323296355
0.21,0.9614715989488579,0.96513470681458,0.9631898120072772,0.9746434231378764,0.9393824540125328,0.9508716323296355
0.211,0.9631898120072772,0.96513470681458,0.9631898120072772,0.9746434231378764,0.9393824540125328,0.9508716323296355
0.212,0.9631898120072772,0.96513470681458,0.9631898120072772,0.9746434231378764,0.9393824540125328,0.9508716323296355
0.213,0.9631898120072772,0.96513470681458,0.9631898120072772,0.9746434231378764,0.9393824540125328,0.9508716323296355
0.214,0.9631898120072772,0.96513470681458,0.9631898120072772,0.9746434231378764,0.9393824540125328,0.9508716323296355
0.215,0.9631898120072772,0.9667194928684627,0.9631898120072772,0.9762282091917591,0.9393824540125328,0.9508716323296355
0.216,0.9631898120072772,0.9667194928684627,0.9631898120072772,0.9762282091917591,0.9411006670709521,0.9508716323296355
0.217,0.9631898120072772,0.9683042789223455,0.9646604002425713,0.9762282091917591,0.9411006670709521,0.9508716323296355
0.218,0.9631898120072772,0.9683042789223455,0.9646604002425713,0.9762282091917591,0.9428188801293713,0.9508716323296355
0.219,0.9631898120072772,0.9683042789223455,0.9646604002425713,0.9762282091917591,0.9428188801293713,0.9508716323296355
0.22,0.9631898120072772,0.9683042789223455,0.9646604002425713,0.9778129952456418,0.9428188801293713,0.9508716323296355
0.221,0.9631898120072772,0.9698890649762282,0.9663786133009905,0.9778129952456418,0.9428188801293713,0.9508716323296355
0.222,0.9631898120072772,0.9698890649762282,0.9663786133009905,0.9778129952456418,0.9442894683646654,0.9508716323296355
0.223,0.9631898120072772,0.9698890649762282,0.9680968263594097,0.9778129952456418,0.9442894683646654,0.9508716323296355
0.224,0.9631898120072772,0.971473851030111,0.9680968263594097,0.9778129952456418,0.9442894683646654,0.9508716323296355
0.225,0.9631898120072772,0.971473851030111,0.969815039417829,0.9778129952456418,0.9442894683646654,0.9508716323296355
0.226,0.9631898120072772,0.971473851030111,0.969815039417829,0.9778129952456418,0.9442894683646654,0.9508716323296355
0.227,0.9631898120072772,0.971473851030111,0.969815039417829,0.9778129952456418,0.9442894683646654,0.9508716323296355
0.228,0.9631898120072772,0.971473851030111,0.969815039417829,0.9778129952456418,0.9442894683646654,0.9508716323296355
0.229,0.9631898120072772,0.971473851030111,0.969815039417829,0.9778129952456418,0.9442894683646654,0.9508716323296355
0.23,0.9631898120072772,0.971473851030111,0.969815039417829,0.9778129952456418,0.9442894683646654,0.9508716323296355
0.231,0.9631898120072772,0.971473851030111,0.969815039417829,0.9778129952456418,0.9442894683646654,0.9508716323296355
0.232,0.9631898120072772,0.971473851030111,0.969815039417829,0.9778129952456418,0.9457600565999595,0.9508716323296355
0.233,0.9649080250656964,0.971473851030111,0.969815039417829,0.9778129952456418,0.9472306448352537,0.9524564183835182
0.234,0.9649080250656964,0.971473851030111,0.969815039417829,0.9778129952456418,0.9472306448352537,0.9524564183835182
0.23500000000000001,0.9649080250656964,0.971473851030111,0.969815039417829,0.9778129952456418,0.9472306448352537,0.9524564183835182
0.23600000000000002,0.9649080250656964,0.971473851030111,0.969815039417829,0.9778129952456418,0.9472306448352537,0.9556259904912837
0.23700000000000002,0.9649080250656964,0.971473851030111,0.969815039417829,0.9778129952456418,0.9489488578936729,0.9556259904912837
0.23800000000000002,0.9649080250656964,0.971473851030111,0.969815039417829,0.9778129952456418,0.9489488578936729,0.9556259904912837
0.23900000000000002,0.9649080250656964,0.971473851030111,0.969815039417829,0.9778129952456418,0.9489488578936729,0.9556259904912837
0.24,0.9649080250656964,0.9730586370839936,0.969815039417829,0.9778129952456418,0.9489488578936729,0.9556259904912837
0.241,0.9649080250656964,0.9730586370839936,0.969815039417829,0.9778129952456418,0.9489488578936729,0.9556259904912837
0.242,0.9649080250656964,0.9730586370839936,0.969815039417829,0.9778129952456418,0.9489488578936729,0.9556259904912837
0.243,0.9649080250656964,0.9730586370839936,0.969815039417829,0.9778129952456418,0.9489488578936729,0.9556259904912837
0.244,0.9649080250656964,0.9730586370839936,0.969815039417829,0.9778129952456418,0.9489488578936729,0.9556259904912837
0.245,0.9649080250656964,0.9730586370839936,0.969815039417829,0.9778129952456418,0.9489488578936729,0.9556259904912837
0.246,0.9649080250656964,0.9730586370839936,0.9715332524762482,0.9778129952456418,0.9489488578936729,0.9556259904912837
0.247,0.9649080250656964,0.9730586370839936,0.9715332524762482,0.9778129952456418,0.9489488578936729,0.9556259904912837
0.248,0.9649080250656964,0.9730586370839936,0.9715332524762482,0.9778129952456418,0.9489488578936729,0.9556259904912837
0.249,0.9649080250656964,0.9730586370839936,0.9715332524762482,0.9778129952456418,0.9489488578936729,0.9556259904912837
0.25,0.9649080250656964,0.9730586370839936,0.9715332524762482,0.9793977812995246,0.9489488578936729,0.9556259904912837
0.251,0.9649080250656964,0.9730586370839936,0.9715332524762482,0.9793977812995246,0.9489488578936729,0.9556259904912837
0.252,0.9649080250656964,0.9746434231378764,0.9732514655346676,0.9793977812995246,0.9489488578936729,0.9556259904912837
0.253,0.9649080250656964,0.9746434231378764,0.9732514655346676,0.9793977812995246,0.9489488578936729,0.9556259904912837
0.254,0.9649080250656964,0.9746434231378764,0.9732514655346676,0.9793977812995246,0.9506670709520921,0.9556259904912837
0.255,0.9649080250656964,0.9746434231378764,0.9732514655346676,0.9793977812995246,0.9506670709520921,0.9556259904912837
0.256,0.9649080250656964,0.9746434231378764,0.9732514655346676,0.9793977812995246,0.9506670709520921,0.9556259904912837
0.257,0.9649080250656964,0.9746434231378764,0.9732514655346676,0.9793977812995246,0.9506670709520921,0.9556259904912837
0.258,0.9649080250656964,0.9746434231378764,0.9749696785930868,0.9793977812995246,0.9506670709520921,0.9556259904912837
0.259,0.9649080250656964,0.9746434231378764,0.9749696785930868,0.9793977812995246,0.9506670709520921,0.9556259904912837
0.26,0.9649080250656964,0.9746434231378764,0.9749696785930868,0.9809825673534073,0.9506670709520921,0.9556259904912837
0.261,0.9649080250656964,0.9746434231378764,0.9749696785930868,0.9809825673534073,0.9506670709520921,0.9556259904912837
0.262,0.9649080250656964,0.9746434231378764,0.9749696785930868,0.9809825673534073,0.9523852840105114,0.9556259904912837
0.263,0.9649080250656964,0.9746434231378764,0.9749696785930868,0.9809825673534073,0.9523852840105114,0.9556259904912837
0.264,0.9649080250656964,0.9746434231378764,0.9749696785930868,0.9809825673534073,0.9523852840105114,0.9572107765451664
0.265,0.9649080250656964,0.9762282091917591,0.9749696785930868,0.9809825673534073,0.9523852840105114,0.9572107765451664
0.266,0.9649080250656964,0.9762282091917591,0.9749696785930868,0.9809825673534073,0.9523852840105114,0.9587955625990491
0.267,0.9649080250656964,0.9762282091917591,0.9749696785930868,0.9809825673534073,0.9523852840105114,0.9603803486529319
0.268,0.9666262381241156,0.9762282091917591,0.9749696785930868,0.9809825673534073,0.9523852840105114,0.9603803486529319
0.269,0.9666262381241156,0.9762282091917591,0.9749696785930868,0.9809825673534073,0.9523852840105114,0.9603803486529319
0.27,0.9666262381241156,0.9762282091917591,0.9749696785930868,0.9809825673534073,0.9523852840105114,0.9603803486529319
0.271,0.9666262381241156,0.9762282091917591,0.976687891651506,0.9809825673534073,0.9523852840105114,0.9635499207606973
0.272,0.9666262381241156,0.9762282091917591,0.976687891651506,0.9809825673534073,0.9523852840105114,0.9635499207606973
0.273,0.9666262381241156,0.9762282091917591,0.976687891651506,0.9825673534072901,0.9523852840105114,0.9635499207606973
0.274,0.9666262381241156,0.9762282091917591,0.976687891651506,0.9825673534072901,0.9523852840105114,0.96513470681458
0.275,0.9666262381241156,0.9762282091917591,0.9784061047099253,0.9825673534072901,0.9523852840105114,0.96513470681458
0.276,0.9666262381241156,0.9762282091917591,0.9784061047099253,0.9825673534072901,0.9523852840105114,0.96513470681458
0.277,0.9666262381241156,0.9762282091917591,0.9784061047099253,0.9825673534072901,0.9523852840105114,0.96513470681458
0.278,0.9666262381241156,0.9762282091917591,0.9784061047099253,0.9825673534072901,0.9523852840105114,0.96513470681458
0.279,0.9666262381241156,0.9762282091917591,0.9784061047099253,0.9825673534072901,0.9523852840105114,0.96513470681458
0.28,0.9666262381241156,0.9762282091917591,0.9784061047099253,0.9825673534072901,0.9523852840105114,0.96513470681458
0.281,0.9666262381241156,0.9762282091917591,0.9784061047099253,0.9825673534072901,0.9523852840105114,0.96513470681458
0.28200000000000003,0.9666262381241156,0.9762282091917591,0.9784061047099253,0.9825673534072901,0.9541034970689306,0.96513470681458
0.28300000000000003,0.9666262381241156,0.9762282091917591,0.9784061047099253,0.9825673534072901,0.9541034970689306,0.96513470681458
0.28400000000000003,0.9666262381241156,0.9762282091917591,0.9784061047099253,0.9825673534072901,0.9541034970689306,0.96513470681458
0.28500000000000003,0.9666262381241156,0.9762282091917591,0.9784061047099253,0.9825673534072901,0.9541034970689306,0.96513470681458
0.28600000000000003,0.9666262381241156,0.9762282091917591,0.9784061047099253,0.9825673534072901,0.9541034970689306,0.96513470681458
0.28700000000000003,0.9666262381241156,0.9762282091917591,0.9784061047099253,0.9825673534072901,0.9541034970689306,0.96513470681458
0.28800000000000003,0.9666262381241156,0.9762282091917591,0.9784061047099253,0.9825673534072901,0.9541034970689306,0.96513470681458
0.289,0.9666262381241156,0.9762282091917591,0.9784061047099253,0.9825673534072901,0.9541034970689306,0.96513470681458
0.29,0.9666262381241156,0.9762282091917591,0.9784061047099253,0.9825673534072901,0.9541034970689306,0.9667194928684627
0.291,0.9666262381241156,0.9762282091917591,0.9784061047099253,0.9825673534072901,0.9541034970689306,0.9667194928684627
0.292,0.9666262381241156,0.9762282091917591,0.9784061047099253,0.9825673534072901,0.9541034970689306,0.9667194928684627
0.293,0.9666262381241156,0.9762282091917591,0.9784061047099253,0.9825673534072901,0.9541034970689306,0.9667194928684627
0.294,0.9666262381241156,0.9762282091917591,0.9784061047099253,0.9825673534072901,0.9541034970689306,0.9667194928684627
0.295,0.9666262381241156,0.9762282091917591,0.9784061047099253,0.9825673534072901,0.9541034970689306,0.9667194928684627
0.296,0.9666262381241156,0.9762282091917591,0.9784061047099253,0.9825673534072901,0.9541034970689306,0.9667194928684627
0.297,0.9666262381241156,0.9762282091917591,0.9784061047099253,0.9825673534072901,0.9541034970689306,0.9667194928684627
0.298,0.9666262381241156,0.9762282091917591,0.9784061047099253,0.9825673534072901,0.9541034970689306,0.9667194928684627
0.299,0.9666262381241156,0.9762282091917591,0.9784061047099253,0.9841521394611727,0.9541034970689306,0.9667194928684627
0.3,0.9666262381241156,0.9762282091917591,0.9784061047099253,0.9841521394611727,0.9541034970689306,0.9667194928684627
0.301,0.9666262381241156,0.9762282091917591,0.9784061047099253,0.9841521394611727,0.9541034970689306,0.9667194928684627
0.302,0.9666262381241156,0.9762282091917591,0.9784061047099253,0.9841521394611727,0.9541034970689306,0.9667194928684627
0.303,0.9666262381241156,0.9778129952456418,0.9784061047099253,0.9841521394611727,0.9541034970689306,0.9667194928684627
0.304,0.9666262381241156,0.9778129952456418,0.9784061047099253,0.9841521394611727,0.9541034970689306,0.9667194928684627
0.305,0.9666262381241156,0.9778129952456418,0.9784061047099253,0.9841521394611727,0.9541034970689306,0.9667194928684627
0.306,0.9666262381241156,0.9778129952456418,0.9784061047099253,0.9841521394611727,0.9541034970689306,0.9667194928684627
0.307,0.9666262381241156,0.9778129952456418,0.9784061047099253,0.9841521394611727,0.9541034970689306,0.9683042789223455
0.308,0.9666262381241156,0.9778129952456418,0.9784061047099253,0.9841521394611727,0.9541034970689306,0.9683042789223455
0.309,0.9666262381241156,0.9778129952456418,0.9784061047099253,0.9841521394611727,0.9541034970689306,0.9683042789223455
0.31,0.9666262381241156,0.9778129952456418,0.9784061047099253,0.9841521394611727,0.9541034970689306,0.9683042789223455
0.311,0.9666262381241156,0.9778129952456418,0.9784061047099253,0.9841521394611727,0.9541034970689306,0.9683042789223455
0.312,0.9666262381241156,0.9778129952456418,0.9784061047099253,0.9841521394611727,0.9541034970689306,0.9683042789223455
0.313,0.9666262381241156,0.9778129952456418,0.9784061047099253,0.9857369255150554,0.9541034970689306,0.9683042789223455
0.314,0.9666262381241156,0.9778129952456418,0.9784061047099253,0.9857369255150554,0.9541034970689306,0.9683042789223455
0.315,0.9666262381241156,0.9778129952456418,0.9784061047099253,0.9857369255150554,0.9541034970689306,0.9683042789223455
0.316,0.9666262381241156,0.9778129952456418,0.9784061047099253,0.9857369255150554,0.9541034970689306,0.9683042789223455
0.317,0.9666262381241156,0.9778129952456418,0.9784061047099253,0.9857369255150554,0.9541034970689306,0.9683042789223455
0.318,0.9666262381241156,0.9778129952456418,0.9784061047099253,0.9857369255150554,0.9541034970689306,0.9698890649762282
0.319,0.9666262381241156,0.9793977812995246,0.9801243177683445,0.9857369255150554,0.9558217101273498,0.9698890649762282
0.32,0.9666262381241156,0.9793977812995246,0.9801243177683445,0.9857369255150554,0.9558217101273498,0.9698890649762282
0.321,0.9666262381241156,0.9793977812995246,0.9801243177683445,0.9857369255150554,0.9558217101273498,0.9698890649762282
0.322,0.9666262381241156,0.9793977812995246,0.9801243177683445,0.9857369255150554,0.9592581362441884,0.9698890649762282
0.323,0.9666262381241156,0.9793977812995246,0.9801243177683445,0.9857369255150554,0.9592581362441884,0.9698890649762282
0.324,0.9666262381241156,0.9793977812995246,0.9801243177683445,0.9857369255150554,0.9592581362441884,0.9698890649762282
0.325,0.9666262381241156,0.9809825673534073,0.9801243177683445,0.9857369255150554,0.9592581362441884,0.9698890649762282
0.326,0.9666262381241156,0.9809825673534073,0.9801243177683445,0.9857369255150554,0.9592581362441884,0.9698890649762282
0.327,0.9666262381241156,0.9809825673534073,0.9801243177683445,0.9857369255150554,0.9592581362441884,0.9698890649762282
0.328,0.9683444511825349,0.9809825673534073,0.9801243177683445,0.9857369255150554,0.9592581362441884,0.9698890649762282
0.329,0.9683444511825349,0.9809825673534073,0.9801243177683445,0.9857369255150554,0.9592581362441884,0.9698890649762282
0.33,0.9683444511825349,0.9809825673534073,0.9801243177683445,0.9857369255150554,0.9592581362441884,0.9698890649762282
0.331,0.9683444511825349,0.9809825673534073,0.9801243177683445,0.9857369255150554,0.9592581362441884,0.971473851030111
0.332,0.9683444511825349,0.9809825673534073,0.9801243177683445,0.9857369255150554,0.9592581362441884,0.971473851030111
0.333,0.9683444511825349,0.9809825673534073,0.9801243177683445,0.9857369255150554,0.9592581362441884,0.971473851030111
0.334,0.9683444511825349,0.9809825673534073,0.9801243177683445,0.9857369255150554,0.9592581362441884,0.971473851030111
0.335,0.9683444511825349,0.9809825673534073,0.9801243177683445,0.9857369255150554,0.9592581362441884,0.971473851030111
0.336,0.9683444511825349,0.9809825673534073,0.9801243177683445,0.9857369255150554,0.9592581362441884,0.971473851030111
0.337,0.9683444511825349,0.9809825673534073,0.9801243177683445,0.9857369255150554,0.9592581362441884,0.9730586370839936
0.338,0.9683444511825349,0.9809825673534073,0.9801243177683445,0.9857369255150554,0.9592581362441884,0.9730586370839936
0.339,0.9683444511825349,0.9809825673534073,0.9801243177683445,0.9857369255150554,0.9592581362441884,0.9730586370839936
0.34,0.9683444511825349,0.9809825673534073,0.9801243177683445,0.9857369255150554,0.9592581362441884,0.9730586370839936
0.341,0.9683444511825349,0.9809825673534073,0.9801243177683445,0.9857369255150554,0.9592581362441884,0.9730586370839936
0.342,0.9683444511825349,0.9809825673534073,0.9818425308267638,0.9873217115689382,0.9592581362441884,0.9746434231378764
0.343,0.9700626642409541,0.9809825673534073,0.9818425308267638,0.9889064976228209,0.9592581362441884,0.9762282091917591
0.34400000000000003,0.9700626642409541,0.9809825673534073,0.9818425308267638,0.9889064976228209,0.9592581362441884,0.9778129952456418
0.34500000000000003,0.9700626642409541,0.9809825673534073,0.9818425308267638,0.9889064976228209,0.9592581362441884,0.9793977812995246
0.34600000000000003,0.9700626642409541,0.9809825673534073,0.9818425308267638,0.9889064976228209,0.9592581362441884,0.9809825673534073
0.34700000000000003,0.9700626642409541,0.9809825673534073,0.9818425308267638,0.9889064976228209,0.9592581362441884,0.9809825673534073
0.34800000000000003,0.9717808772993735,0.9809825673534073,0.9818425308267638,0.9889064976228209,0.9592581362441884,0.9809825673534073
0.34900000000000003,0.9717808772993735,0.9809825673534073,0.9818425308267638,0.9889064976228209,0.9592581362441884,0.9809825673534073
0.35000000000000003,0.9717808772993735,0.9809825673534073,0.983560743885183,0.9889064976228209,0.9592581362441884,0.9809825673534073
0.35100000000000003,0.9717808772993735,0.9809825673534073,0.983560743885183,0.9889064976228209,0.9592581362441884,0.9809825673534073
0.352,0.9717808772993735,0.9809825673534073,0.983560743885183,0.9889064976228209,0.9592581362441884,0.9809825673534073
0.353,0.9717808772993735,0.9825673534072901,0.983560743885183,0.9904912836767037,0.9592581362441884,0.9809825673534073
0.354,0.9734990903577927,0.9825673534072901,0.983560743885183,0.9904912836767037,0.9592581362441884,0.9809825673534073
0.355,0.9734990903577927,0.9825673534072901,0.983560743885183,0.9904912836767037,0.9592581362441884,0.9809825673534073
0.356,0.9734990903577927,0.9841521394611727,0.983560743885183,0.9904912836767037,0.9592581362441884,0.9809825673534073
0.357,0.9734990903577927,0.9841521394611727,0.983560743885183,0.9904912836767037,0.9592581362441884,0.9809825673534073
0.358,0.9752173034162119,0.9841521394611727,0.983560743885183,0.9904912836767037,0.9592581362441884,0.9809825673534073
0.359,0.9752173034162119,0.9841521394611727,0.983560743885183,0.9904912836767037,0.9609763493026077,0.9809825673534073
0.36,0.9752173034162119,0.9857369255150554,0.983560743885183,0.9904912836767037,0.9626945623610269,0.9809825673534073
0.361,0.9752173034162119,0.9857369255150554,0.983560743885183,0.9904912836767037,0.9626945623610269,0.9809825673534073
0.362,0.9752173034162119,0.9873217115689382,0.983560743885183,0.9904912836767037,0.9626945623610269,0.9809825673534073
0.363,0.9752173034162119,0.9873217115689382,0.983560743885183,0.9904912836767037,0.9626945623610269,0.9809825673534073
0.364,0.9752173034162119,0.9873217115689382,0.983560743885183,0.9904912836767037,0.9626945623610269,0.9809825673534073
0.365,0.9752173034162119,0.9873217115689382,0.983560743885183,0.9904912836767037,0.9661309884778654,0.9809825673534073
0.366,0.9752173034162119,0.9873217115689382,0.983560743885183,0.9904912836767037,0.9661309884778654,0.9809825673534073
0.367,0.9752173034162119,0.9873217115689382,0.983560743885183,0.9904912836767037,0.9678492015362846,0.9809825673534073
0.368,0.9752173034162119,0.9873217115689382,0.983560743885183,0.9904912836767037,0.9678492015362846,0.9809825673534073
0.369,0.9752173034162119,0.9873217115689382,0.983560743885183,0.9904912836767037,0.9678492015362846,0.9809825673534073
0.37,0.9752173034162119,0.9873217115689382,0.983560743885183,0.9904912836767037,0.9678492015362846,0.9809825673534073
0.371,0.9752173034162119,0.9873217115689382,0.983560743885183,0.9904912836767037,0.9678492015362846,0.9809825673534073
0.372,0.9752173034162119,0.9873217115689382,0.983560743885183,0.9904912836767037,0.9678492015362846,0.9825673534072901
0.373,0.9752173034162119,0.9873217115689382,0.983560743885183,0.9904912836767037,0.9678492015362846,0.9825673534072901
0.374,0.9752173034162119,0.9873217115689382,0.983560743885183,0.9904912836767037,0.9678492015362846,0.9825673534072901
0.375,0.9752173034162119,0.9873217115689382,0.983560743885183,0.9904912836767037,0.9678492015362846,0.9825673534072901
0.376,0.9752173034162119,0.9873217115689382,0.983560743885183,0.9904912836767037,0.9678492015362846,0.9825673534072901
0.377,0.9752173034162119,0.9873217115689382,0.983560743885183,0.9904912836767037,0.9678492015362846,0.9825673534072901
0.378,0.9752173034162119,0.9873217115689382,0.983560743885183,0.9904912836767037,0.9678492015362846,0.9825673534072901
0.379,0.9752173034162119,0.9873217115689382,0.9850313321204771,0.9904912836767037,0.9678492015362846,0.9825673534072901
0.38,0.9752173034162119,0.9889064976228209,0.9850313321204771,0.9904912836767037,0.9678492015362846,0.9825673534072901
0.381,0.9752173034162119,0.9889064976228209,0.9850313321204771,0.9904912836767037,0.9678492015362846,0.9825673534072901
0.382,0.9752173034162119,0.9889064976228209,0.9850313321204771,0.9904912836767037,0.9678492015362846,0.9825673534072901
0.383,0.9752173034162119,0.9889064976228209,0.9850313321204771,0.9904912836767037,0.9678492015362846,0.9825673534072901
0.384,0.9752173034162119,0.9889064976228209,0.9850313321204771,0.9904912836767037,0.9678492015362846,0.9825673534072901
0.385,0.9752173034162119,0.9904912836767037,0.9850313321204771,0.9904912836767037,0.9678492015362846,0.9825673534072901
0.386,0.9752173034162119,0.9904912836767037,0.9850313321204771,0.9904912836767037,0.9678492015362846,0.9825673534072901
0.387,0.976687891651506,0.9904912836767037,0.9850313321204771,0.9904912836767037,0.9695674145947039,0.9825673534072901
0.388,0.976687891651506,0.9904912836767037,0.9850313321204771,0.9904912836767037,0.9695674145947039,0.9825673534072901
0.389,0.976687891651506,0.9904912836767037,0.9850313321204771,0.9904912836767037,0.9695674145947039,0.9825673534072901
0.39,0.976687891651506,0.9904912836767037,0.9850313321204771,0.9904912836767037,0.9695674145947039,0.9825673534072901
0.391,0.976687891651506,0.9904912836767037,0.9850313321204771,0.9904912836767037,0.9695674145947039,0.9825673534072901
0.392,0.976687891651506,0.9904912836767037,0.9850313321204771,0.9904912836767037,0.9695674145947039,0.9841521394611727
0.393,0.976687891651506,0.9904912836767037,0.9850313321204771,0.9904912836767037,0.9695674145947039,0.9841521394611727
0.394,0.976687891651506,0.9904912836767037,0.9850313321204771,0.9904912836767037,0.9695674145947039,0.9841521394611727
0.395,0.976687891651506,0.9904912836767037,0.9867495451788963,0.9904912836767037,0.9695674145947039,0.9841521394611727
0.396,0.976687891651506,0.9904912836767037,0.9867495451788963,0.9904912836767037,0.9695674145947039,0.9841521394611727
0.397,0.976687891651506,0.9904912836767037,0.9867495451788963,0.9904912836767037,0.9695674145947039,0.9841521394611727
0.398,0.976687891651506,0.9904912836767037,0.9867495451788963,0.9904912836767037,0.9695674145947039,0.9841521394611727
0.399,0.976687891651506,0.9904912836767037,0.9867495451788963,0.9904912836767037,0.9695674145947039,0.9841521394611727
0.4,0.976687891651506,0.9904912836767037,0.9867495451788963,0.9904912836767037,0.9695674145947039,0.9841521394611727
0.401,0.976687891651506,0.9904912836767037,0.9867495451788963,0.9904912836767037,0.9695674145947039,0.9841521394611727
0.402,0.976687891651506,0.9904912836767037,0.9867495451788963,0.9904912836767037,0.9695674145947039,0.9841521394611727
0.403,0.976687891651506,0.9904912836767037,0.9867495451788963,0.9904912836767037,0.9695674145947039,0.9841521394611727
0.404,0.976687891651506,0.9904912836767037,0.9867495451788963,0.9904912836767037,0.9695674145947039,0.9841521394611727
0.405,0.976687891651506,0.9904912836767037,0.9867495451788963,0.9904912836767037,0.9695674145947039,0.9841521394611727
0.406,0.976687891651506,0.9904912836767037,0.9867495451788963,0.9904912836767037,0.9695674145947039,0.9873217115689382
0.40700000000000003,0.976687891651506,0.9904912836767037,0.9867495451788963,0.9904912836767037,0.9695674145947039,0.9873217115689382
0.40800000000000003,0.976687891651506,0.9904912836767037,0.9867495451788963,0.9904912836767037,0.9712856276531231,0.9873217115689382
0.40900000000000003,0.976687891651506,0.9904912836767037,0.9867495451788963,0.9904912836767037,0.9712856276531231,0.9873217115689382
0.41000000000000003,0.976687891651506,0.9904912836767037,0.9867495451788963,0.9904912836767037,0.9712856276531231,0.9873217115689382
0.41100000000000003,0.976687891651506,0.9904912836767037,0.9867495451788963,0.9904912836767037,0.9712856276531231,0.9889064976228209
0.41200000000000003,0.976687891651506,0.9904912836767037,0.9867495451788963,0.9904912836767037,0.9712856276531231,0.9889064976228209
0.41300000000000003,0.976687891651506,0.9904912836767037,0.9867495451788963,0.9920760697305864,0.9712856276531231,0.9889064976228209
0.41400000000000003,0.976687891651506,0.9904912836767037,0.9867495451788963,0.9920760697305864,0.9712856276531231,0.9889064976228209
0.41500000000000004,0.976687891651506,0.9904912836767037,0.9867495451788963,0.9920760697305864,0.9712856276531231,0.9889064976228209
0.41600000000000004,0.976687891651506,0.9904912836767037,0.9867495451788963,0.9920760697305864,0.9712856276531231,0.9889064976228209
0.417,0.976687891651506,0.9904912836767037,0.9867495451788963,0.9920760697305864,0.9712856276531231,0.9889064976228209
0.418,0.976687891651506,0.9904912836767037,0.9867495451788963,0.9920760697305864,0.9712856276531231,0.9889064976228209
0.419,0.976687891651506,0.9904912836767037,0.9867495451788963,0.9920760697305864,0.9712856276531231,0.9889064976228209
0.42,0.976687891651506,0.9904912836767037,0.9867495451788963,0.9920760697305864,0.9712856276531231,0.9889064976228209
0.421,0.976687891651506,0.9904912836767037,0.9867495451788963,0.9920760697305864,0.9712856276531231,0.9889064976228209
0.422,0.976687891651506,0.9904912836767037,0.9867495451788963,0.9920760697305864,0.9730038407115423,0.9889064976228209
0.423,0.976687891651506,0.9904912836767037,0.9867495451788963,0.9920760697305864,0.9730038407115423,0.9889064976228209
0.424,0.976687891651506,0.9904912836767037,0.9867495451788963,0.9920760697305864,0.9730038407115423,0.9889064976228209
0.425,0.976687891651506,0.9904912836767037,0.9867495451788963,0.9920760697305864,0.9730038407115423,0.9889064976228209
0.426,0.976687891651506,0.9904912836767037,0.9867495451788963,0.9920760697305864,0.9730038407115423,0.9889064976228209
0.427,0.976687891651506,0.9904912836767037,0.9867495451788963,0.9920760697305864,0.9730038407115423,0.9889064976228209
0.428,0.976687891651506,0.9904912836767037,0.9867495451788963,0.9920760697305864,0.9730038407115423,0.9889064976228209
0.429,0.976687891651506,0.9904912836767037,0.9867495451788963,0.9920760697305864,0.9730038407115423,0.9889064976228209
0.43,0.976687891651506,0.9904912836767037,0.9867495451788963,0.9920760697305864,0.9730038407115423,0.9889064976228209
0.431,0.976687891651506,0.9904912836767037,0.9867495451788963,0.9920760697305864,0.9730038407115423,0.9889064976228209
0.432,0.976687891651506,0.9904912836767037,0.9884677582373156,0.9920760697305864,0.9730038407115423,0.9889064976228209
0.433,0.976687891651506,0.9904912836767037,0.9884677582373156,0.9920760697305864,0.9730038407115423,0.9889064976228209
0.434,0.976687891651506,0.9904912836767037,0.9884677582373156,0.9920760697305864,0.9730038407115423,0.9904912836767037
0.435,0.976687891651506,0.9920760697305864,0.9884677582373156,0.993660855784469,0.9730038407115423,0.9904912836767037
0.436,0.976687891651506,0.9920760697305864,0.9884677582373156,0.993660855784469,0.9730038407115423,0.9904912836767037
0.437,0.976687891651506,0.9920760697305864,0.9884677582373156,0.993660855784469,0.9730038407115423,0.9904912836767037
0.438,0.976687891651506,0.9920760697305864,0.9884677582373156,0.993660855784469,0.9730038407115423,0.9904912836767037
0.439,0.976687891651506,0.9920760697305864,0.9884677582373156,0.993660855784469,0.9730038407115423,0.9904912836767037
0.44,0.976687891651506,0.9920760697305864,0.9884677582373156,0.9952456418383518,0.9730038407115423,0.9904912836767037
0.441,0.976687891651506,0.9920760697305864,0.9884677582373156,0.9952456418383518,0.9730038407115423,0.9904912836767037
0.442,0.976687891651506,0.9920760697305864,0.9884677582373156,0.9952456418383518,0.9730038407115423,0.9904912836767037
0.443,0.976687891651506,0.9920760697305864,0.9884677582373156,0.9952456418383518,0.9730038407115423,0.9904912836767037
0.444,0.976687891651506,0.9920760697305864,0.9884677582373156,0.9952456418383518,0.9730038407115423,0.9904912836767037
0.445,0.976687891651506,0.9920760697305864,0.9899383464726097,0.9952456418383518,0.9730038407115423,0.9904912836767037
0.446,0.976687891651506,0.9920760697305864,0.9899383464726097,0.9952456418383518,0.9747220537699617,0.9904912836767037
0.447,0.976687891651506,0.9920760697305864,0.9899383464726097,0.9952456418383518,0.9747220537699617,0.9904912836767037
0.448,0.976687891651506,0.9920760697305864,0.9899383464726097,0.9952456418383518,0.9747220537699617,0.9904912836767037
0.449,0.976687891651506,0.9920760697305864,0.9899383464726097,0.9952456418383518,0.9747220537699617,0.9904912836767037
0.45,0.976687891651506,0.9920760697305864,0.9899383464726097,0.9952456418383518,0.9747220537699617,0.9904912836767037
0.451,0.976687891651506,0.9920760697305864,0.9899383464726097,0.9952456418383518,0.9764402668283809,0.9904912836767037
0.452,0.976687891651506,0.9920760697305864,0.9899383464726097,0.9952456418383518,0.9764402668283809,0.9904912836767037
0.453,0.976687891651506,0.9920760697305864,0.9899383464726097,0.9952456418383518,0.9764402668283809,0.9904912836767037
0.454,0.976687891651506,0.9920760697305864,0.9899383464726097,0.9952456418383518,0.9764402668283809,0.9904912836767037
0.455,0.976687891651506,0.9920760697305864,0.9899383464726097,0.9952456418383518,0.9781584798868002,0.9904912836767037
0.456,0.976687891651506,0.9920760697305864,0.9914089347079038,0.9952456418383518,0.9798766929452194,0.9904912836767037
0.457,0.976687891651506,0.9920760697305864,0.9914089347079038,0.9952456418383518,0.9798766929452194,0.9904912836767037
0.458,0.976687891651506,0.9920760697305864,0.9914089347079038,0.9952456418383518,0.9798766929452194,0.9904912836767037
0.459,0.976687891651506,0.9920760697305864,0.9914089347079038,0.9952456418383518,0.9798766929452194,0.9904912836767037
0.46,0.976687891651506,0.9920760697305864,0.9914089347079038,0.9952456418383518,0.9798766929452194,0.9904912836767037
0.461,0.976687891651506,0.9920760697305864,0.9914089347079038,0.9952456418383518,0.9798766929452194,0.9904912836767037
0.462,0.976687891651506,0.9920760697305864,0.9914089347079038,0.9952456418383518,0.9798766929452194,0.9904912836767037
0.463,0.976687891651506,0.9920760697305864,0.9914089347079038,0.9952456418383518,0.9798766929452194,0.9904912836767037
0.464,0.976687891651506,0.9920760697305864,0.9914089347079038,0.9952456418383518,0.9798766929452194,0.9904912836767037
0.465,0.976687891651506,0.9920760697305864,0.9914089347079038,0.9952456418383518,0.9798766929452194,0.9904912836767037
0.466,0.9781584798868002,0.9920760697305864,0.9914089347079038,0.9952456418383518,0.9798766929452194,0.9904912836767037
0.467,0.9781584798868002,0.9920760697305864,0.9914089347079038,0.9952456418383518,0.9798766929452194,0.9904912836767037
0.468,0.9781584798868002,0.9920760697305864,0.9914089347079038,0.9952456418383518,0.9798766929452194,0.9904912836767037
0.46900000000000003,0.9781584798868002,0.9920760697305864,0.9914089347079038,0.9952456418383518,0.9798766929452194,0.9904912836767037
0.47000000000000003,0.9781584798868002,0.9920760697305864,0.9914089347079038,0.9952456418383518,0.9798766929452194,0.9904912836767037
0.47100000000000003,0.9781584798868002,0.9920760697305864,0.9914089347079038,0.9952456418383518,0.9798766929452194,0.9904912836767037
0.47200000000000003,0.9781584798868002,0.9920760697305864,0.9914089347079038,0.9952456418383518,0.9798766929452194,0.9904912836767037
0.47300000000000003,0.9781584798868002,0.9920760697305864,0.993127147766323,0.9952456418383518,0.9798766929452194,0.9904912836767037
0.47400000000000003,0.9781584798868002,0.9920760697305864,0.993127147766323,0.9952456418383518,0.9798766929452194,0.9904912836767037
0.47500000000000003,0.9781584798868002,0.9920760697305864,0.993127147766323,0.9952456418383518,0.9798766929452194,0.9904912836767037
0.47600000000000003,0.9796290681220943,0.9920760697305864,0.993127147766323,0.9952456418383518,0.9798766929452194,0.9904912836767037
0.47700000000000004,0.9796290681220943,0.9920760697305864,0.993127147766323,0.9952456418383518,0.9798766929452194,0.9904912836767037
0.47800000000000004,0.9796290681220943,0.9920760697305864,0.993127147766323,0.9952456418383518,0.9798766929452194,0.9904912836767037
0.47900000000000004,0.9796290681220943,0.9920760697305864,0.993127147766323,0.9952456418383518,0.9798766929452194,0.9904912836767037
0.48,0.9796290681220943,0.9920760697305864,0.993127147766323,0.9952456418383518,0.9798766929452194,0.9904912836767037
0.481,0.9796290681220943,0.9920760697305864,0.993127147766323,0.9952456418383518,0.9798766929452194,0.9904912836767037
0.482,0.9813472811805135,0.9920760697305864,0.993127147766323,0.9952456418383518,0.9798766929452194,0.9904912836767037
0.483,0.9813472811805135,0.9920760697305864,0.993127147766323,0.9952456418383518,0.9798766929452194,0.9904912836767037
0.484,0.9813472811805135,0.9920760697305864,0.993127147766323,0.9952456418383518,0.9798766929452194,0.9904912836767037
0.485,0.9813472811805135,0.9920760697305864,0.993127147766323,0.9952456418383518,0.9798766929452194,0.9904912836767037
0.486,0.9813472811805135,0.9920760697305864,0.993127147766323,0.9952456418383518,0.9798766929452194,0.9904912836767037
0.487,0.9813472811805135,0.9920760697305864,0.993127147766323,0.9952456418383518,0.9815949060036386,0.9904912836767037
0.488,0.9813472811805135,0.9920760697305864,0.993127147766323,0.9952456418383518,0.9815949060036386,0.9904912836767037
0.489,0.9813472811805135,0.9920760697305864,0.993127147766323,0.9952456418383518,0.9815949060036386,0.9904912836767037
0.49,0.9813472811805135,0.9920760697305864,0.993127147766323,0.9952456418383518,0.9815949060036386,0.9904912836767037
0.491,0.9813472811805135,0.9920760697305864,0.993127147766323,0.9952456418383518,0.9815949060036386,0.9904912836767037
0.492,0.9813472811805135,0.9920760697305864,0.993127147766323,0.9952456418383518,0.9815949060036386,0.9904912836767037
0.493,0.9813472811805135,0.9920760697305864,0.993127147766323,0.9952456418383518,0.9815949060036386,0.9904912836767037
0.494,0.9813472811805135,0.9920760697305864,0.993127147766323,0.9952456418383518,0.9815949060036386,0.9904912836767037
0.495,0.9813472811805135,0.9920760697305864,0.993127147766323,0.9952456418383518,0.9815949060036386,0.9904912836767037
0.496,0.9813472811805135,0.9920760697305864,0.993127147766323,0.9952456418383518,0.9815949060036386,0.9904912836767037
0.497,0.9813472811805135,0.9920760697305864,0.993127147766323,0.9952456418383518,0.9815949060036386,0.9904912836767037
0.498,0.9813472811805135,0.9920760697305864,0.993127147766323,0.9952456418383518,0.9815949060036386,0.9904912836767037
0.499,0.9813472811805135,0.9920760697305864,0.993127147766323,0.9952456418383518,0.9815949060036386,0.9904912836767037
0.5,0.9813472811805135,0.9920760697305864,0.993127147766323,0.9952456418383518,0.9815949060036386,0.9904912836767037
0.501,0.9813472811805135,0.9920760697305864,0.993127147766323,0.9952456418383518,0.9815949060036386,0.9904912836767037
0.502,0.9813472811805135,0.9920760697305864,0.993127147766323,0.9952456418383518,0.9815949060036386,0.9904912836767037
0.503,0.9813472811805135,0.9920760697305864,0.993127147766323,0.9952456418383518,0.9815949060036386,0.9904912836767037
0.504,0.9813472811805135,0.9920760697305864,0.993127147766323,0.9952456418383518,0.9815949060036386,0.9904912836767037
0.505,0.9830654942389327,0.9920760697305864,0.993127147766323,0.9952456418383518,0.9815949060036386,0.9904912836767037
0.506,0.9830654942389327,0.9920760697305864,0.993127147766323,0.9952456418383518,0.9815949060036386,0.9904912836767037
0.507,0.9830654942389327,0.9920760697305864,0.993127147766323,0.9952456418383518,0.9815949060036386,0.9904912836767037
0.508,0.9830654942389327,0.9920760697305864,0.993127147766323,0.9952456418383518,0.9833131190620579,0.9904912836767037
0.509,0.9830654942389327,0.9920760697305864,0.993127147766323,0.9952456418383518,0.9833131190620579,0.9904912836767037
0.51,0.9830654942389327,0.9920760697305864,0.993127147766323,0.9952456418383518,0.9833131190620579,0.9904912836767037
0.511,0.9830654942389327,0.9920760697305864,0.993127147766323,0.9952456418383518,0.9833131190620579,0.9904912836767037
0.512,0.9830654942389327,0.9920760697305864,0.993127147766323,0.9952456418383518,0.9833131190620579,0.9904912836767037
0.513,0.9830654942389327,0.9920760697305864,0.993127147766323,0.9952456418383518,0.9833131190620579,0.9904912836767037
0.514,0.984783707297352,0.9920760697305864,0.993127147766323,0.9952456418383518,0.9833131190620579,0.9904912836767037
0.515,0.984783707297352,0.9920760697305864,0.993127147766323,0.9952456418383518,0.9833131190620579,0.9904912836767037
0.516,0.984783707297352,0.9920760697305864,0.993127147766323,0.9952456418383518,0.9833131190620579,0.9904912836767037
0.517,0.984783707297352,0.9920760697305864,0.993127147766323,0.9952456418383518,0.9833131190620579,0.9904912836767037
0.518,0.984783707297352,0.9920760697305864,0.993127147766323,0.9952456418383518,0.9833131190620579,0.9904912836767037
0.519,0.984783707297352,0.9920760697305864,0.993127147766323,0.9952456418383518,0.9833131190620579,0.9904912836767037
0.52,0.984783707297352,0.9920760697305864,0.993127147766323,0.9952456418383518,0.9833131190620579,0.9904912836767037
0.521,0.984783707297352,0.9920760697305864,0.993127147766323,0.9952456418383518,0.9833131190620579,0.9904912836767037
0.522,0.984783707297352,0.9920760697305864,0.993127147766323,0.9952456418383518,0.9867495451788963,0.9904912836767037
0.523,0.984783707297352,0.9920760697305864,0.993127147766323,0.9952456418383518,0.9867495451788963,0.9904912836767037
0.524,0.984783707297352,0.9920760697305864,0.993127147766323,0.9952456418383518,0.9867495451788963,0.9904912836767037
0.525,0.984783707297352,0.9920760697305864,0.993127147766323,0.9952456418383518,0.9867495451788963,0.9904912836767037
0.526,0.984783707297352,0.9920760697305864,0.993127147766323,0.9952456418383518,0.9867495451788963,0.9904912836767037
0.527,0.984783707297352,0.9920760697305864,0.993127147766323,0.9952456418383518,0.9884677582373156,0.9904912836767037
0.528,0.984783707297352,0.9920760697305864,0.993127147766323,0.9952456418383518,0.9884677582373156,0.9904912836767037
0.529,0.984783707297352,0.9920760697305864,0.993127147766323,0.9952456418383518,0.9884677582373156,0.9904912836767037
0.53,0.984783707297352,0.9920760697305864,0.993127147766323,0.9952456418383518,0.9884677582373156,0.9904912836767037
0.531,0.984783707297352,0.9920760697305864,0.993127147766323,0.9952456418383518,0.9884677582373156,0.9904912836767037
0.532,0.984783707297352,0.9920760697305864,0.993127147766323,0.9952456418383518,0.9884677582373156,0.9904912836767037
0.533,0.984783707297352,0.9920760697305864,0.993127147766323,0.9952456418383518,0.9884677582373156,0.9904912836767037
0.534,0.984783707297352,0.9920760697305864,0.993127147766323,0.9952456418383518,0.9884677582373156,0.9904912836767037
0.535,0.984783707297352,0.9920760697305864,0.9948453608247423,0.9952456418383518,0.9884677582373156,0.9904912836767037
0.536,0.984783707297352,0.9920760697305864,0.9948453608247423,0.9952456418383518,0.9884677582373156,0.9904912836767037
0.537,0.984783707297352,0.9920760697305864,0.9948453608247423,0.9952456418383518,0.9884677582373156,0.9904912836767037
0.538,0.984783707297352,0.9920760697305864,0.9948453608247423,0.9952456418383518,0.9899383464726097,0.9904912836767037
0.539,0.984783707297352,0.9920760697305864,0.9948453608247423,0.9952456418383518,0.9899383464726097,0.9904912836767037
0.54,0.984783707297352,0.9920760697305864,0.9948453608247423,0.9952456418383518,0.9899383464726097,0.9904912836767037
0.541,0.984783707297352,0.9920760697305864,0.9948453608247423,0.9952456418383518,0.9899383464726097,0.9904912836767037
0.542,0.984783707297352,0.9920760697305864,0.9948453608247423,0.9952456418383518,0.9899383464726097,0.9904912836767037
0.543,0.984783707297352,0.9920760697305864,0.9948453608247423,0.9952456418383518,0.9899383464726097,0.9904912836767037
0.544,0.984783707297352,0.9920760697305864,0.9948453608247423,0.9952456418383518,0.9899383464726097,0.9904912836767037
0.545,0.984783707297352,0.9920760697305864,0.9948453608247423,0.9952456418383518,0.9899383464726097,0.9904912836767037
0.546,0.984783707297352,0.9920760697305864,0.9948453608247423,0.9952456418383518,0.9899383464726097,0.9904912836767037
0.547,0.984783707297352,0.9920760697305864,0.9948453608247423,0.9952456418383518,0.9899383464726097,0.9904912836767037
0.548,0.984783707297352,0.9920760697305864,0.9948453608247423,0.9952456418383518,0.9899383464726097,0.9920760697305864
0.549,0.984783707297352,0.9920760697305864,0.9965635738831615,0.9952456418383518,0.9916565595310289,0.9920760697305864
0.55,0.984783707297352,0.9920760697305864,0.9965635738831615,0.9952456418383518,0.9916565595310289,0.9920760697305864
0.551,0.984783707297352,0.9920760697305864,0.9965635738831615,0.9952456418383518,0.9916565595310289,0.9920760697305864
0.552,0.984783707297352,0.9920760697305864,0.9965635738831615,0.9952456418383518,0.9916565595310289,0.9920760697305864
0.553,0.984783707297352,0.9920760697305864,0.9965635738831615,0.9952456418383518,0.9916565595310289,0.9920760697305864
0.554,0.984783707297352,0.9920760697305864,0.9965635738831615,0.9952456418383518,0.9916565595310289,0.9920760697305864
0.555,0.9865019203557712,0.993660855784469,0.9965635738831615,0.9952456418383518,0.9916565595310289,0.9920760697305864
0.556,0.9865019203557712,0.993660855784469,0.9965635738831615,0.9952456418383518,0.9916565595310289,0.9920760697305864
0.557,0.9865019203557712,0.993660855784469,0.9965635738831615,0.9952456418383518,0.9916565595310289,0.9920760697305864
0.558,0.9865019203557712,0.993660855784469,0.9965635738831615,0.9952456418383518,0.9916565595310289,0.9920760697305864
0.559,0.9882201334141905,0.993660855784469,0.9965635738831615,0.9952456418383518,0.9916565595310289,0.9920760697305864
0.56,0.9882201334141905,0.993660855784469,0.9965635738831615,0.9952456418383518,0.9916565595310289,0.9920760697305864
0.561,0.9882201334141905,0.993660855784469,0.9965635738831615,0.9952456418383518,0.9916565595310289,0.9920760697305864
0.562,0.9882201334141905,0.993660855784469,0.9965635738831615,0.9952456418383518,0.9916565595310289,0.9920760697305864
0.5630000000000001,0.9882201334141905,0.993660855784469,0.9965635738831615,0.9952456418383518,0.9916565595310289,0.9920760697305864
0.5640000000000001,0.9899383464726097,0.993660855784469,0.9965635738831615,0.9952456418383518,0.9916565595310289,0.9920760697305864
0.5650000000000001,0.9899383464726097,0.993660855784469,0.9965635738831615,0.9952456418383518,0.9916565595310289,0.9920760697305864
0.5660000000000001,0.9899383464726097,0.993660855784469,0.9965635738831615,0.9952456418383518,0.9916565595310289,0.9920760697305864
0.5670000000000001,0.9916565595310289,0.993660855784469,0.9965635738831615,0.9952456418383518,0.9916565595310289,0.9920760697305864
0.5680000000000001,0.9916565595310289,0.993660855784469,0.9965635738831615,0.9952456418383518,0.9916565595310289,0.9920760697305864
0.5690000000000001,0.9916565595310289,0.993660855784469,0.9965635738831615,0.9952456418383518,0.9916565595310289,0.9920760697305864
0.5700000000000001,0.9916565595310289,0.993660855784469,0.9965635738831615,0.9952456418383518,0.9916565595310289,0.9920760697305864
0.5710000000000001,0.9916565595310289,0.993660855784469,0.9965635738831615,0.9952456418383518,0.9916565595310289,0.9920760697305864
0.5720000000000001,0.9916565595310289,0.993660855784469,0.9965635738831615,0.9952456418383518,0.9916565595310289,0.9920760697305864
0.5730000000000001,0.9916565595310289,0.993660855784469,0.9965635738831615,0.9952456418383518,0.9916565595310289,0.9920760697305864
0.5740000000000001,0.9916565595310289,0.993660855784469,0.9965635738831615,0.9952456418383518,0.9916565595310289,0.9920760697305864
0.5750000000000001,0.9916565595310289,0.993660855784469,0.9965635738831615,0.9952456418383518,0.9916565595310289,0.9920760697305864
0.5760000000000001,0.9916565595310289,0.993660855784469,0.9965635738831615,0.9952456418383518,0.9916565595310289,0.9920760697305864
0.577,0.9916565595310289,0.993660855784469,0.9965635738831615,0.9952456418383518,0.9916565595310289,0.9920760697305864
0.578,0.9916565595310289,0.993660855784469,0.9965635738831615,0.9952456418383518,0.9916565595310289,0.9920760697305864
0.579,0.9916565595310289,0.993660855784469,0.9965635738831615,0.9952456418383518,0.9916565595310289,0.9920760697305864
0.58,0.9916565595310289,0.993660855784469,0.9965635738831615,0.9952456418383518,0.9916565595310289,0.9920760697305864
0.581,0.9916565595310289,0.993660855784469,0.9965635738831615,0.9952456418383518,0.9916565595310289,0.9920760697305864
0.582,0.9916565595310289,0.993660855784469,0.9965635738831615,0.9952456418383518,0.9916565595310289,0.9920760697305864
0.583,0.9916565595310289,0.993660855784469,0.9965635738831615,0.9952456418383518,0.9916565595310289,0.9920760697305864
0.584,0.9916565595310289,0.993660855784469,0.9965635738831615,0.9952456418383518,0.9916565595310289,0.9920760697305864
0.585,0.9916565595310289,0.993660855784469,0.9965635738831615,0.9952456418383518,0.9916565595310289,0.9920760697305864
0.586,0.9916565595310289,0.993660855784469,0.9965635738831615,0.9952456418383518,0.9916565595310289,0.9920760697305864
0.587,0.9916565595310289,0.993660855784469,0.9965635738831615,0.9952456418383518,0.9916565595310289,0.9920760697305864
0.588,0.9916565595310289,0.993660855784469,0.9965635738831615,0.9952456418383518,0.9916565595310289,0.9920760697305864
0.589,0.9916565595310289,0.993660855784469,0.9965635738831615,0.9952456418383518,0.9916565595310289,0.9920760697305864
0.59,0.9933747725894482,0.993660855784469,0.9965635738831615,0.9968304278922345,0.9916565595310289,0.9920760697305864
0.591,0.9933747725894482,0.993660855784469,0.9965635738831615,0.9968304278922345,0.9916565595310289,0.9920760697305864
0.592,0.9933747725894482,0.993660855784469,0.9965635738831615,0.9968304278922345,0.9916565595310289,0.9920760697305864
0.593,0.9933747725894482,0.993660855784469,0.9965635738831615,0.9968304278922345,0.9916565595310289,0.9920760697305864
0.594,0.9933747725894482,0.993660855784469,0.9965635738831615,0.9968304278922345,0.9916565595310289,0.9920760697305864
0.595,0.9933747725894482,0.993660855784469,0.9965635738831615,0.9968304278922345,0.9916565595310289,0.9920760697305864
0.596,0.9933747725894482,0.993660855784469,0.9965635738831615,0.9968304278922345,0.9916565595310289,0.9920760697305864
0.597,0.9950929856478674,0.993660855784469,0.9965635738831615,0.9968304278922345,0.9916565595310289,0.9920760697305864
0.598,0.9950929856478674,0.993660855784469,0.9965635738831615,0.9968304278922345,0.9916565595310289,0.9920760697305864
0.599,0.9950929856478674,0.993660855784469,0.9965635738831615,0.9968304278922345,0.9916565595310289,0.9920760697305864
0.6,0.9950929856478674,0.993660855784469,0.9965635738831615,0.9968304278922345,0.9916565595310289,0.9920760697305864
0.601,0.9950929856478674,0.993660855784469,0.9965635738831615,0.9968304278922345,0.9916565595310289,0.9920760697305864
0.602,0.9950929856478674,0.9952456418383518,0.9965635738831615,0.9968304278922345,0.9916565595310289,0.9920760697305864
0.603,0.9950929856478674,0.9952456418383518,0.9965635738831615,0.9968304278922345,0.9916565595310289,0.9920760697305864
0.604,0.9950929856478674,0.9952456418383518,0.9965635738831615,0.9968304278922345,0.9916565595310289,0.9920760697305864
0.605,0.9950929856478674,0.9952456418383518,0.9965635738831615,0.9968304278922345,0.9916565595310289,0.9920760697305864
0.606,0.9950929856478674,0.9952456418383518,0.9965635738831615,0.9968304278922345,0.9916565595310289,0.9920760697305864
0.607,0.9950929856478674,0.9952456418383518,0.9965635738831615,0.9968304278922345,0.9916565595310289,0.9920760697305864
0.608,0.9950929856478674,0.9952456418383518,0.9965635738831615,0.9968304278922345,0.9916565595310289,0.9920760697305864
0.609,0.9965635738831615,0.9952456418383518,0.9965635738831615,0.9968304278922345,0.9916565595310289,0.9920760697305864
0.61,0.9965635738831615,0.9952456418383518,0.9965635738831615,0.9968304278922345,0.9916565595310289,0.9920760697305864
0.611,0.9965635738831615,0.9952456418383518,0.9965635738831615,0.9968304278922345,0.9916565595310289,0.9920760697305864
0.612,0.9965635738831615,0.9952456418383518,0.9965635738831615,0.9968304278922345,0.9916565595310289,0.9920760697305864
0.613,0.9965635738831615,0.9952456418383518,0.9965635738831615,0.9968304278922345,0.9916565595310289,0.9920760697305864
0.614,0.9965635738831615,0.9952456418383518,0.9965635738831615,0.9968304278922345,0.9916565595310289,0.9920760697305864
0.615,0.9965635738831615,0.9952456418383518,0.9965635738831615,0.9968304278922345,0.9916565595310289,0.9920760697305864
0.616,0.9965635738831615,0.9952456418383518,0.9965635738831615,0.9968304278922345,0.9916565595310289,0.9920760697305864
0.617,0.9965635738831615,0.9952456418383518,0.9965635738831615,0.9968304278922345,0.9916565595310289,0.9920760697305864
0.618,0.9965635738831615,0.9952456418383518,0.9965635738831615,0.9968304278922345,0.9916565595310289,0.993660855784469
0.619,0.9965635738831615,0.9952456418383518,0.9965635738831615,0.9968304278922345,0.9916565595310289,0.993660855784469
0.62,0.9965635738831615,0.9952456418383518,0.9965635738831615,0.9968304278922345,0.9916565595310289,0.993660855784469
0.621,0.9965635738831615,0.9952456418383518,0.9965635738831615,0.9968304278922345,0.9916565595310289,0.993660855784469
0.622,0.9965635738831615,0.9952456418383518,0.9965635738831615,0.9968304278922345,0.9916565595310289,0.993660855784469
0.623,0.9965635738831615,0.9952456418383518,0.9965635738831615,0.9968304278922345,0.9916565595310289,0.993660855784469
0.624,0.9965635738831615,0.9952456418383518,0.9965635738831615,0.9968304278922345,0.9916565595310289,0.993660855784469
0.625,0.9965635738831615,0.9952456418383518,0.9965635738831615,0.9968304278922345,0.9916565595310289,0.993660855784469
0.626,0.9965635738831615,0.9952456418383518,0.9982817869415808,0.9968304278922345,0.9916565595310289,0.993660855784469
0.627,0.9965635738831615,0.9952456418383518,0.9982817869415808,0.9968304278922345,0.9916565595310289,0.993660855784469
0.628,0.9965635738831615,0.9952456418383518,0.9982817869415808,0.9968304278922345,0.9916565595310289,0.993660855784469
0.629,0.9965635738831615,0.9952456418383518,0.9982817869415808,0.9968304278922345,0.9916565595310289,0.993660855784469
0.63,0.9965635738831615,0.9952456418383518,0.9982817869415808,0.9968304278922345,0.9916565595310289,0.993660855784469
0.631,0.9965635738831615,0.9952456418383518,0.9982817869415808,0.9968304278922345,0.9916565595310289,0.9952456418383518
0.632,0.9965635738831615,0.9952456418383518,0.9982817869415808,0.9968304278922345,0.9916565595310289,0.9952456418383518
0.633,0.9965635738831615,0.9952456418383518,0.9982817869415808,0.9968304278922345,0.9916565595310289,0.9952456418383518
0.634,0.9965635738831615,0.9952456418383518,0.9982817869415808,0.9968304278922345,0.9916565595310289,0.9952456418383518
0.635,0.9965635738831615,0.9952456418383518,0.9982817869415808,0.9968304278922345,0.9916565595310289,0.9952456418383518
0.636,0.9965635738831615,0.9952456418383518,0.9982817869415808,0.9968304278922345,0.9916565595310289,0.9952456418383518
0.637,0.9965635738831615,0.9952456418383518,0.9982817869415808,0.9968304278922345,0.9916565595310289,0.9952456418383518
0.638,0.9965635738831615,0.9952456418383518,0.9982817869415808,0.9968304278922345,0.9916565595310289,0.9952456418383518
0.639,0.9965635738831615,0.9952456418383518,0.9982817869415808,0.9968304278922345,0.9916565595310289,0.9952456418383518
0.64,0.9965635738831615,0.9952456418383518,0.9982817869415808,0.9968304278922345,0.9916565595310289,0.9952456418383518
0.641,0.9965635738831615,0.9952456418383518,0.9982817869415808,0.9984152139461173,0.9916565595310289,0.9968304278922345
0.642,0.9965635738831615,0.9952456418383518,0.9982817869415808,0.9984152139461173,0.9916565595310289,0.9968304278922345
0.643,0.9965635738831615,0.9952456418383518,0.9982817869415808,0.9984152139461173,0.9916565595310289,0.9968304278922345
0.644,0.9965635738831615,0.9952456418383518,0.9982817869415808,0.9984152139461173,0.9916565595310289,0.9968304278922345
0.645,0.9965635738831615,0.9952456418383518,0.9982817869415808,0.9984152139461173,0.9916565595310289,0.9968304278922345
0.646,0.9965635738831615,0.9952456418383518,0.9982817869415808,0.9984152139461173,0.9916565595310289,0.9968304278922345
0.647,0.9965635738831615,0.9952456418383518,0.9982817869415808,0.9984152139461173,0.9916565595310289,0.9968304278922345
0.648,0.9965635738831615,0.9952456418383518,0.9982817869415808,0.9984152139461173,0.9916565595310289,0.9968304278922345
0.649,0.9965635738831615,0.9952456418383518,0.9982817869415808,1.0,0.9916565595310289,0.9968304278922345
0.65,0.9965635738831615,0.9952456418383518,0.9982817869415808,1.0,0.9916565595310289,0.9968304278922345
0.651,0.9965635738831615,0.9952456418383518,0.9982817869415808,1.0,0.9916565595310289,0.9968304278922345
0.652,0.9965635738831615,0.9952456418383518,0.9982817869415808,1.0,0.9916565595310289,0.9968304278922345
0.653,0.9965635738831615,0.9952456418383518,0.9982817869415808,1.0,0.9916565595310289,0.9968304278922345
0.654,0.9965635738831615,0.9952456418383518,0.9982817869415808,1.0,0.9916565595310289,0.9968304278922345
0.655,0.9965635738831615,0.9952456418383518,0.9982817869415808,1.0,0.9933747725894482,0.9968304278922345
0.656,0.9965635738831615,0.9952456418383518,1.0,1.0,0.9933747725894482,0.9968304278922345
0.657,0.9965635738831615,0.9952456418383518,1.0,1.0,0.9933747725894482,0.9968304278922345
0.658,0.9982817869415808,0.9952456418383518,1.0,1.0,0.9933747725894482,0.9968304278922345
0.659,0.9982817869415808,0.9952456418383518,1.0,1.0,0.9933747725894482,0.9968304278922345
0.66,0.9982817869415808,0.9952456418383518,1.0,1.0,0.9933747725894482,0.9968304278922345
0.661,0.9982817869415808,0.9952456418383518,1.0,1.0,0.9933747725894482,0.9968304278922345
0.662,0.9982817869415808,0.9952456418383518,1.0,1.0,0.9933747725894482,0.9968304278922345
0.663,0.9982817869415808,0.9968304278922345,1.0,1.0,0.9933747725894482,0.9968304278922345
0.664,0.9982817869415808,0.9968304278922345,1.0,1.0,0.9933747725894482,0.9968304278922345
0.665,0.9982817869415808,0.9968304278922345,1.0,1.0,0.9933747725894482,0.9968304278922345
0.666,0.9982817869415808,0.9968304278922345,1.0,1.0,0.9933747725894482,0.9968304278922345
0.667,0.9982817869415808,0.9968304278922345,1.0,1.0,0.9933747725894482,0.9968304278922345
0.668,0.9982817869415808,0.9984152139461173,1.0,1.0,0.9933747725894482,0.9968304278922345
0.669,0.9982817869415808,0.9984152139461173,1.0,1.0,0.9933747725894482,0.9968304278922345
0.67,0.9982817869415808,0.9984152139461173,1.0,1.0,0.9933747725894482,0.9968304278922345
0.671,0.9982817869415808,0.9984152139461173,1.0,1.0,0.9933747725894482,0.9968304278922345
0.672,0.9982817869415808,0.9984152139461173,1.0,1.0,0.9933747725894482,0.9968304278922345
0.673,0.9982817869415808,0.9984152139461173,1.0,1.0,0.9933747725894482,0.9968304278922345
0.674,0.9982817869415808,0.9984152139461173,1.0,1.0,0.9933747725894482,0.9968304278922345
0.675,0.9982817869415808,0.9984152139461173,1.0,1.0,0.9933747725894482,0.9968304278922345
0.676,0.9982817869415808,0.9984152139461173,1.0,1.0,0.9933747725894482,0.9968304278922345
0.677,0.9982817869415808,0.9984152139461173,1.0,1.0,0.9933747725894482,0.9968304278922345
0.678,0.9982817869415808,0.9984152139461173,1.0,1.0,0.9933747725894482,0.9968304278922345
0.679,0.9982817869415808,0.9984152139461173,1.0,1.0,0.9933747725894482,0.9968304278922345
0.68,0.9982817869415808,0.9984152139461173,1.0,1.0,0.9933747725894482,0.9968304278922345
0.681,0.9982817869415808,0.9984152139461173,1.0,1.0,0.9933747725894482,0.9968304278922345
0.682,0.9982817869415808,0.9984152139461173,1.0,1.0,0.9933747725894482,0.9968304278922345
0.683,0.9982817869415808,0.9984152139461173,1.0,1.0,0.9933747725894482,0.9968304278922345
0.684,0.9982817869415808,0.9984152139461173,1.0,1.0,0.9933747725894482,0.9968304278922345
0.685,0.9982817869415808,0.9984152139461173,1.0,1.0,0.9933747725894482,0.9968304278922345
0.686,0.9982817869415808,0.9984152139461173,1.0,1.0,0.9933747725894482,0.9968304278922345
0.687,0.9982817869415808,0.9984152139461173,1.0,1.0,0.9933747725894482,0.9968304278922345
0.6880000000000001,0.9982817869415808,0.9984152139461173,1.0,1.0,0.9933747725894482,0.9968304278922345
0.6890000000000001,0.9982817869415808,0.9984152139461173,1.0,1.0,0.9933747725894482,0.9968304278922345
0.6900000000000001,0.9982817869415808,0.9984152139461173,1.0,1.0,0.9933747725894482,0.9968304278922345
0.6910000000000001,0.9982817869415808,0.9984152139461173,1.0,1.0,0.9933747725894482,0.9968304278922345
0.6920000000000001,0.9982817869415808,0.9984152139461173,1.0,1.0,0.9933747725894482,0.9968304278922345
0.6930000000000001,0.9982817869415808,0.9984152139461173,1.0,1.0,0.9933747725894482,0.9968304278922345
0.6940000000000001,0.9982817869415808,0.9984152139461173,1.0,1.0,0.9933747725894482,0.9968304278922345
0.6950000000000001,0.9982817869415808,0.9984152139461173,1.0,1.0,0.9933747725894482,0.9968304278922345
0.6960000000000001,0.9982817869415808,0.9984152139461173,1.0,1.0,0.9933747725894482,0.9968304278922345
0.6970000000000001,0.9982817869415808,0.9984152139461173,1.0,1.0,0.9933747725894482,0.9968304278922345
0.6980000000000001,0.9982817869415808,0.9984152139461173,1.0,1.0,0.9933747725894482,0.9968304278922345
0.6990000000000001,0.9982817869415808,0.9984152139461173,1.0,1.0,0.9933747725894482,0.9968304278922345
0.7000000000000001,0.9982817869415808,0.9984152139461173,1.0,1.0,0.9933747725894482,0.9968304278922345
0.7010000000000001,0.9982817869415808,0.9984152139461173,1.0,1.0,0.9933747725894482,0.9968304278922345
0.7020000000000001,0.9982817869415808,0.9984152139461173,1.0,1.0,0.9933747725894482,0.9968304278922345
0.7030000000000001,0.9982817869415808,0.9984152139461173,1.0,1.0,0.9933747725894482,0.9968304278922345
0.704,0.9982817869415808,0.9984152139461173,1.0,1.0,0.9933747725894482,0.9968304278922345
0.705,0.9982817869415808,0.9984152139461173,1.0,1.0,0.9933747725894482,0.9968304278922345
0.706,0.9982817869415808,0.9984152139461173,1.0,1.0,0.9933747725894482,0.9968304278922345
0.707,0.9982817869415808,0.9984152139461173,1.0,1.0,0.9933747725894482,0.9968304278922345
0.708,0.9982817869415808,0.9984152139461173,1.0,1.0,0.9933747725894482,0.9968304278922345
0.709,0.9982817869415808,0.9984152139461173,1.0,1.0,0.9933747725894482,0.9968304278922345
0.71,0.9982817869415808,0.9984152139461173,1.0,1.0,0.9933747725894482,0.9968304278922345
0.711,0.9982817869415808,0.9984152139461173,1.0,1.0,0.9933747725894482,0.9968304278922345
0.712,0.9982817869415808,0.9984152139461173,1.0,1.0,0.9933747725894482,0.9968304278922345
0.713,0.9982817869415808,0.9984152139461173,1.0,1.0,0.9933747725894482,0.9968304278922345
0.714,0.9982817869415808,0.9984152139461173,1.0,1.0,0.9950929856478674,0.9968304278922345
0.715,0.9982817869415808,0.9984152139461173,1.0,1.0,0.9965635738831615,0.9968304278922345
0.716,0.9982817869415808,0.9984152139461173,1.0,1.0,0.9965635738831615,0.9968304278922345
0.717,0.9982817869415808,0.9984152139461173,1.0,1.0,0.9965635738831615,0.9968304278922345
0.718,0.9982817869415808,0.9984152139461173,1.0,1.0,0.9965635738831615,0.9968304278922345
0.719,0.9982817869415808,0.9984152139461173,1.0,1.0,0.9965635738831615,0.9968304278922345
0.72,0.9982817869415808,0.9984152139461173,1.0,1.0,0.9965635738831615,0.9968304278922345
0.721,0.9982817869415808,0.9984152139461173,1.0,1.0,0.9965635738831615,0.9968304278922345
0.722,0.9982817869415808,0.9984152139461173,1.0,1.0,0.9965635738831615,0.9968304278922345
0.723,0.9982817869415808,0.9984152139461173,1.0,1.0,0.9965635738831615,0.9968304278922345
0.724,0.9982817869415808,0.9984152139461173,1.0,1.0,0.9965635738831615,0.9968304278922345
0.725,0.9982817869415808,0.9984152139461173,1.0,1.0,0.9965635738831615,0.9968304278922345
0.726,0.9982817869415808,0.9984152139461173,1.0,1.0,0.9965635738831615,0.9968304278922345
0.727,0.9982817869415808,0.9984152139461173,1.0,1.0,0.9965635738831615,0.9968304278922345
0.728,0.9982817869415808,0.9984152139461173,1.0,1.0,0.9965635738831615,0.9968304278922345
0.729,0.9982817869415808,0.9984152139461173,1.0,1.0,0.9982817869415808,0.9968304278922345
0.73,0.9982817869415808,0.9984152139461173,1.0,1.0,0.9982817869415808,0.9968304278922345
0.731,0.9982817869415808,0.9984152139461173,1.0,1.0,0.9982817869415808,0.9968304278922345
0.732,0.9982817869415808,0.9984152139461173,1.0,1.0,0.9982817869415808,0.9968304278922345
0.733,0.9982817869415808,0.9984152139461173,1.0,1.0,0.9982817869415808,0.9968304278922345
0.734,0.9982817869415808,0.9984152139461173,1.0,1.0,0.9982817869415808,0.9968304278922345
0.735,0.9982817869415808,0.9984152139461173,1.0,1.0,0.9982817869415808,0.9968304278922345
0.736,0.9982817869415808,0.9984152139461173,1.0,1.0,0.9982817869415808,0.9968304278922345
0.737,0.9982817869415808,0.9984152139461173,1.0,1.0,0.9982817869415808,0.9968304278922345
0.738,0.9982817869415808,0.9984152139461173,1.0,1.0,0.9982817869415808,0.9968304278922345
0.739,0.9982817869415808,0.9984152139461173,1.0,1.0,0.9982817869415808,0.9968304278922345
0.74,0.9982817869415808,0.9984152139461173,1.0,1.0,0.9982817869415808,0.9968304278922345
0.741,0.9982817869415808,0.9984152139461173,1.0,1.0,0.9982817869415808,0.9968304278922345
0.742,0.9982817869415808,0.9984152139461173,1.0,1.0,0.9982817869415808,0.9968304278922345
0.743,0.9982817869415808,0.9984152139461173,1.0,1.0,0.9982817869415808,0.9968304278922345
0.744,0.9982817869415808,0.9984152139461173,1.0,1.0,0.9982817869415808,0.9968304278922345
0.745,0.9982817869415808,0.9984152139461173,1.0,1.0,0.9982817869415808,0.9968304278922345
0.746,0.9982817869415808,0.9984152139461173,1.0,1.0,0.9982817869415808,0.9968304278922345
0.747,0.9982817869415808,0.9984152139461173,1.0,1.0,0.9982817869415808,0.9968304278922345
0.748,0.9982817869415808,0.9984152139461173,1.0,1.0,0.9982817869415808,0.9968304278922345
0.749,0.9982817869415808,0.9984152139461173,1.0,1.0,0.9982817869415808,0.9968304278922345
0.75,0.9982817869415808,0.9984152139461173,1.0,1.0,0.9982817869415808,0.9968304278922345
0.751,0.9982817869415808,0.9984152139461173,1.0,1.0,0.9982817869415808,0.9968304278922345
0.752,0.9982817869415808,0.9984152139461173,1.0,1.0,0.9982817869415808,0.9968304278922345
0.753,0.9982817869415808,1.0,1.0,1.0,0.9982817869415808,0.9968304278922345
0.754,0.9982817869415808,1.0,1.0,1.0,0.9982817869415808,0.9968304278922345
0.755,0.9982817869415808,1.0,1.0,1.0,0.9982817869415808,0.9968304278922345
0.756,0.9982817869415808,1.0,1.0,1.0,0.9982817869415808,0.9968304278922345
0.757,0.9982817869415808,1.0,1.0,1.0,0.9982817869415808,0.9968304278922345
0.758,0.9982817869415808,1.0,1.0,1.0,0.9982817869415808,0.9968304278922345
0.759,0.9982817869415808,1.0,1.0,1.0,0.9982817869415808,0.9968304278922345
0.76,0.9982817869415808,1.0,1.0,1.0,0.9982817869415808,0.9968304278922345
0.761,0.9982817869415808,1.0,1.0,1.0,0.9982817869415808,0.9968304278922345
0.762,0.9982817869415808,1.0,1.0,1.0,0.9982817869415808,0.9968304278922345
0.763,0.9982817869415808,1.0,1.0,1.0,0.9982817869415808,0.9968304278922345
0.764,0.9982817869415808,1.0,1.0,1.0,0.9982817869415808,0.9968304278922345
0.765,0.9982817869415808,1.0,1.0,1.0,0.9982817869415808,0.9968304278922345
0.766,0.9982817869415808,1.0,1.0,1.0,0.9982817869415808,0.9968304278922345
0.767,0.9982817869415808,1.0,1.0,1.0,0.9982817869415808,0.9968304278922345
0.768,0.9982817869415808,1.0,1.0,1.0,0.9982817869415808,0.9984152139461173
0.769,0.9982817869415808,1.0,1.0,1.0,0.9982817869415808,0.9984152139461173
0.77,0.9982817869415808,1.0,1.0,1.0,0.9982817869415808,0.9984152139461173
0.771,0.9982817869415808,1.0,1.0,1.0,0.9982817869415808,0.9984152139461173
0.772,0.9982817869415808,1.0,1.0,1.0,0.9982817869415808,0.9984152139461173
0.773,0.9982817869415808,1.0,1.0,1.0,0.9982817869415808,0.9984152139461173
0.774,0.9982817869415808,1.0,1.0,1.0,0.9982817869415808,0.9984152139461173
0.775,0.9982817869415808,1.0,1.0,1.0,0.9982817869415808,0.9984152139461173
0.776,0.9982817869415808,1.0,1.0,1.0,0.9982817869415808,0.9984152139461173
0.777,0.9982817869415808,1.0,1.0,1.0,0.9982817869415808,0.9984152139461173
0.778,0.9982817869415808,1.0,1.0,1.0,0.9982817869415808,0.9984152139461173
0.779,1.0,1.0,1.0,1.0,0.9982817869415808,0.9984152139461173
0.78,1.0,1.0,1.0,1.0,0.9982817869415808,0.9984152139461173
0.781,1.0,1.0,1.0,1.0,0.9982817869415808,0.9984152139461173
0.782,1.0,1.0,1.0,1.0,0.9982817869415808,0.9984152139461173
0.783,1.0,1.0,1.0,1.0,0.9982817869415808,0.9984152139461173
0.784,1.0,1.0,1.0,1.0,0.9982817869415808,0.9984152139461173
0.785,1.0,1.0,1.0,1.0,0.9982817869415808,0.9984152139461173
0.786,1.0,1.0,1.0,1.0,0.9982817869415808,0.9984152139461173
0.787,1.0,1.0,1.0,1.0,0.9982817869415808,0.9984152139461173
0.788,1.0,1.0,1.0,1.0,0.9982817869415808,0.9984152139461173
0.789,1.0,1.0,1.0,1.0,0.9982817869415808,0.9984152139461173
0.79,1.0,1.0,1.0,1.0,0.9982817869415808,0.9984152139461173
0.791,1.0,1.0,1.0,1.0,0.9982817869415808,0.9984152139461173
0.792,1.0,1.0,1.0,1.0,0.9982817869415808,0.9984152139461173
0.793,1.0,1.0,1.0,1.0,0.9982817869415808,0.9984152139461173
0.794,1.0,1.0,1.0,1.0,0.9982817869415808,0.9984152139461173
0.795,1.0,1.0,1.0,1.0,0.9982817869415808,0.9984152139461173
0.796,1.0,1.0,1.0,1.0,0.9982817869415808,0.9984152139461173
0.797,1.0,1.0,1.0,1.0,0.9982817869415808,0.9984152139461173
0.798,1.0,1.0,1.0,1.0,0.9982817869415808,0.9984152139461173
0.799,1.0,1.0,1.0,1.0,0.9982817869415808,0.9984152139461173
0.8,1.0,1.0,1.0,1.0,0.9982817869415808,0.9984152139461173
0.801,1.0,1.0,1.0,1.0,0.9982817869415808,0.9984152139461173
0.802,1.0,1.0,1.0,1.0,0.9982817869415808,0.9984152139461173
0.803,1.0,1.0,1.0,1.0,0.9982817869415808,0.9984152139461173
0.804,1.0,1.0,1.0,1.0,0.9982817869415808,0.9984152139461173
0.805,1.0,1.0,1.0,1.0,0.9982817869415808,0.9984152139461173
0.806,1.0,1.0,1.0,1.0,0.9982817869415808,0.9984152139461173
0.807,1.0,1.0,1.0,1.0,0.9982817869415808,0.9984152139461173
0.808,1.0,1.0,1.0,1.0,0.9982817869415808,0.9984152139461173
0.809,1.0,1.0,1.0,1.0,0.9982817869415808,0.9984152139461173
0.81,1.0,1.0,1.0,1.0,0.9982817869415808,0.9984152139461173
0.811,1.0,1.0,1.0,1.0,0.9982817869415808,0.9984152139461173
0.812,1.0,1.0,1.0,1.0,0.9982817869415808,0.9984152139461173
0.8130000000000001,1.0,1.0,1.0,1.0,0.9982817869415808,0.9984152139461173
0.8140000000000001,1.0,1.0,1.0,1.0,0.9982817869415808,0.9984152139461173
0.8150000000000001,1.0,1.0,1.0,1.0,0.9982817869415808,0.9984152139461173
0.8160000000000001,1.0,1.0,1.0,1.0,0.9982817869415808,0.9984152139461173
0.8170000000000001,1.0,1.0,1.0,1.0,0.9982817869415808,0.9984152139461173
0.8180000000000001,1.0,1.0,1.0,1.0,0.9982817869415808,0.9984152139461173
0.8190000000000001,1.0,1.0,1.0,1.0,0.9982817869415808,0.9984152139461173
0.8200000000000001,1.0,1.0,1.0,1.0,0.9982817869415808,0.9984152139461173
0.8210000000000001,1.0,1.0,1.0,1.0,0.9982817869415808,0.9984152139461173
0.8220000000000001,1.0,1.0,1.0,1.0,0.9982817869415808,0.9984152139461173
0.8230000000000001,1.0,1.0,1.0,1.0,0.9982817869415808,0.9984152139461173
0.8240000000000001,1.0,1.0,1.0,1.0,0.9982817869415808,0.9984152139461173
0.8250000000000001,1.0,1.0,1.0,1.0,0.9982817869415808,0.9984152139461173
0.8260000000000001,1.0,1.0,1.0,1.0,0.9982817869415808,0.9984152139461173
0.8270000000000001,1.0,1.0,1.0,1.0,0.9982817869415808,0.9984152139461173
0.8280000000000001,1.0,1.0,1.0,1.0,0.9982817869415808,0.9984152139461173
0.8290000000000001,1.0,1.0,1.0,1.0,0.9982817869415808,0.9984152139461173
0.8300000000000001,1.0,1.0,1.0,1.0,0.9982817869415808,0.9984152139461173
0.8310000000000001,1.0,1.0,1.0,1.0,0.9982817869415808,0.9984152139461173
0.8320000000000001,1.0,1.0,1.0,1.0,0.9982817869415808,0.9984152139461173
0.833,1.0,1.0,1.0,1.0,0.9982817869415808,0.9984152139461173
0.834,1.0,1.0,1.0,1.0,0.9982817869415808,0.9984152139461173
0.835,1.0,1.0,1.0,1.0,0.9982817869415808,0.9984152139461173
0.836,1.0,1.0,1.0,1.0,0.9982817869415808,0.9984152139461173
0.837,1.0,1.0,1.0,1.0,0.9982817869415808,0.9984152139461173
0.838,1.0,1.0,1.0,1.0,0.9982817869415808,0.9984152139461173
0.839,1.0,1.0,1.0,1.0,0.9982817869415808,0.9984152139461173
0.84,1.0,1.0,1.0,1.0,0.9982817869415808,0.9984152139461173
0.841,1.0,1.0,1.0,1.0,0.9982817869415808,0.9984152139461173
0.842,1.0,1.0,1.0,1.0,0.9982817869415808,0.9984152139461173
0.843,1.0,1.0,1.0,1.0,0.9982817869415808,0.9984152139461173
0.844,1.0,1.0,1.0,1.0,0.9982817869415808,0.9984152139461173
0.845,1.0,1.0,1.0,1.0,0.9982817869415808,0.9984152139461173
0.846,1.0,1.0,1.0,1.0,0.9982817869415808,0.9984152139461173
0.847,1.0,1.0,1.0,1.0,0.9982817869415808,1.0
0.848,1.0,1.0,1.0,1.0,0.9982817869415808,1.0
0.849,1.0,1.0,1.0,1.0,0.9982817869415808,1.0
0.85,1.0,1.0,1.0,1.0,0.9982817869415808,1.0
0.851,1.0,1.0,1.0,1.0,0.9982817869415808,1.0
0.852,1.0,1.0,1.0,1.0,0.9982817869415808,1.0
0.853,1.0,1.0,1.0,1.0,0.9982817869415808,1.0
0.854,1.0,1.0,1.0,1.0,0.9982817869415808,1.0
0.855,1.0,1.0,1.0,1.0,0.9982817869415808,1.0
0.856,1.0,1.0,1.0,1.0,0.9982817869415808,1.0
0.857,1.0,1.0,1.0,1.0,0.9982817869415808,1.0
0.858,1.0,1.0,1.0,1.0,0.9982817869415808,1.0
0.859,1.0,1.0,1.0,1.0,0.9982817869415808,1.0
0.86,1.0,1.0,1.0,1.0,0.9982817869415808,1.0
0.861,1.0,1.0,1.0,1.0,0.9982817869415808,1.0
0.862,1.0,1.0,1.0,1.0,0.9982817869415808,1.0
0.863,1.0,1.0,1.0,1.0,0.9982817869415808,1.0
0.864,1.0,1.0,1.0,1.0,0.9982817869415808,1.0
0.865,1.0,1.0,1.0,1.0,0.9982817869415808,1.0
0.866,1.0,1.0,1.0,1.0,0.9982817869415808,1.0
0.867,1.0,1.0,1.0,1.0,0.9982817869415808,1.0
0.868,1.0,1.0,1.0,1.0,0.9982817869415808,1.0
0.869,1.0,1.0,1.0,1.0,0.9982817869415808,1.0
0.87,1.0,1.0,1.0,1.0,0.9982817869415808,1.0
0.871,1.0,1.0,1.0,1.0,0.9982817869415808,1.0
0.872,1.0,1.0,1.0,1.0,0.9982817869415808,1.0
0.873,1.0,1.0,1.0,1.0,0.9982817869415808,1.0
0.874,1.0,1.0,1.0,1.0,1.0,1.0
0.875,1.0,1.0,1.0,1.0,1.0,1.0
0.876,1.0,1.0,1.0,1.0,1.0,1.0
0.877,1.0,1.0,1.0,1.0,1.0,1.0
0.878,1.0,1.0,1.0,1.0,1.0,1.0
0.879,1.0,1.0,1.0,1.0,1.0,1.0
0.88,1.0,1.0,1.0,1.0,1.0,1.0
0.881,1.0,1.0,1.0,1.0,1.0,1.0
0.882,1.0,1.0,1.0,1.0,1.0,1.0
0.883,1.0,1.0,1.0,1.0,1.0,1.0
0.884,1.0,1.0,1.0,1.0,1.0,1.0
0.885,1.0,1.0,1.0,1.0,1.0,1.0
0.886,1.0,1.0,1.0,1.0,1.0,1.0
0.887,1.0,1.0,1.0,1.0,1.0,1.0
0.888,1.0,1.0,1.0,1.0,1.0,1.0
0.889,1.0,1.0,1.0,1.0,1.0,1.0
0.89,1.0,1.0,1.0,1.0,1.0,1.0
0.891,1.0,1.0,1.0,1.0,1.0,1.0
0.892,1.0,1.0,1.0,1.0,1.0,1.0
0.893,1.0,1.0,1.0,1.0,1.0,1.0
0.894,1.0,1.0,1.0,1.0,1.0,1.0
0.895,1.0,1.0,1.0,1.0,1.0,1.0
0.896,1.0,1.0,1.0,1.0,1.0,1.0
0.897,1.0,1.0,1.0,1.0,1.0,1.0
0.898,1.0,1.0,1.0,1.0,1.0,1.0
0.899,1.0,1.0,1.0,1.0,1.0,1.0
0.9,1.0,1.0,1.0,1.0,1.0,1.0
0.901,1.0,1.0,1.0,1.0,1.0,1.0
0.902,1.0,1.0,1.0,1.0,1.0,1.0
0.903,1.0,1.0,1.0,1.0,1.0,1.0
0.904,1.0,1.0,1.0,1.0,1.0,1.0
0.905,1.0,1.0,1.0,1.0,1.0,1.0
0.906,1.0,1.0,1.0,1.0,1.0,1.0
0.907,1.0,1.0,1.0,1.0,1.0,1.0
0.908,1.0,1.0,1.0,1.0,1.0,1.0
0.909,1.0,1.0,1.0,1.0,1.0,1.0
0.91,1.0,1.0,1.0,1.0,1.0,1.0
0.911,1.0,1.0,1.0,1.0,1.0,1.0
0.912,1.0,1.0,1.0,1.0,1.0,1.0
0.913,1.0,1.0,1.0,1.0,1.0,1.0
0.914,1.0,1.0,1.0,1.0,1.0,1.0
0.915,1.0,1.0,1.0,1.0,1.0,1.0
0.916,1.0,1.0,1.0,1.0,1.0,1.0
0.917,1.0,1.0,1.0,1.0,1.0,1.0
0.918,1.0,1.0,1.0,1.0,1.0,1.0
0.919,1.0,1.0,1.0,1.0,1.0,1.0
0.92,1.0,1.0,1.0,1.0,1.0,1.0
0.921,1.0,1.0,1.0,1.0,1.0,1.0
0.922,1.0,1.0,1.0,1.0,1.0,1.0
0.923,1.0,1.0,1.0,1.0,1.0,1.0
0.924,1.0,1.0,1.0,1.0,1.0,1.0
0.925,1.0,1.0,1.0,1.0,1.0,1.0
0.926,1.0,1.0,1.0,1.0,1.0,1.0
0.927,1.0,1.0,1.0,1.0,1.0,1.0
0.928,1.0,1.0,1.0,1.0,1.0,1.0
0.929,1.0,1.0,1.0,1.0,1.0,1.0
0.93,1.0,1.0,1.0,1.0,1.0,1.0
0.931,1.0,1.0,1.0,1.0,1.0,1.0
0.932,1.0,1.0,1.0,1.0,1.0,1.0
0.933,1.0,1.0,1.0,1.0,1.0,1.0
0.934,1.0,1.0,1.0,1.0,1.0,1.0
0.935,1.0,1.0,1.0,1.0,1.0,1.0
0.936,1.0,1.0,1.0,1.0,1.0,1.0
0.937,1.0,1.0,1.0,1.0,1.0,1.0
0.9380000000000001,1.0,1.0,1.0,1.0,1.0,1.0
0.9390000000000001,1.0,1.0,1.0,1.0,1.0,1.0
0.9400000000000001,1.0,1.0,1.0,1.0,1.0,1.0
0.9410000000000001,1.0,1.0,1.0,1.0,1.0,1.0
0.9420000000000001,1.0,1.0,1.0,1.0,1.0,1.0
0.9430000000000001,1.0,1.0,1.0,1.0,1.0,1.0
0.9440000000000001,1.0,1.0,1.0,1.0,1.0,1.0
0.9450000000000001,1.0,1.0,1.0,1.0,1.0,1.0
0.9460000000000001,1.0,1.0,1.0,1.0,1.0,1.0
0.9470000000000001,1.0,1.0,1.0,1.0,1.0,1.0
0.9480000000000001,1.0,1.0,1.0,1.0,1.0,1.0
0.9490000000000001,1.0,1.0,1.0,1.0,1.0,1.0
0.9500000000000001,1.0,1.0,1.0,1.0,1.0,1.0
0.9510000000000001,1.0,1.0,1.0,1.0,1.0,1.0
0.9520000000000001,1.0,1.0,1.0,1.0,1.0,1.0
0.9530000000000001,1.0,1.0,1.0,1.0,1.0,1.0
0.9540000000000001,1.0,1.0,1.0,1.0,1.0,1.0
0.9550000000000001,1.0,1.0,1.0,1.0,1.0,1.0
0.9560000000000001,1.0,1.0,1.0,1.0,1.0,1.0
0.9570000000000001,1.0,1.0,1.0,1.0,1.0,1.0
0.9580000000000001,1.0,1.0,1.0,1.0,1.0,1.0
0.9590000000000001,1.0,1.0,1.0,1.0,1.0,1.0
0.96,1.0,1.0,1.0,1.0,1.0,1.0
0.961,1.0,1.0,1.0,1.0,1.0,1.0
0.962,1.0,1.0,1.0,1.0,1.0,1.0
0.963,1.0,1.0,1.0,1.0,1.0,1.0
0.964,1.0,1.0,1.0,1.0,1.0,1.0
0.965,1.0,1.0,1.0,1.0,1.0,1.0
0.966,1.0,1.0,1.0,1.0,1.0,1.0
0.967,1.0,1.0,1.0,1.0,1.0,1.0
0.968,1.0,1.0,1.0,1.0,1.0,1.0
0.969,1.0,1.0,1.0,1.0,1.0,1.0
0.97,1.0,1.0,1.0,1.0,1.0,1.0
0.971,1.0,1.0,1.0,1.0,1.0,1.0
0.972,1.0,1.0,1.0,1.0,1.0,1.0
0.973,1.0,1.0,1.0,1.0,1.0,1.0
0.974,1.0,1.0,1.0,1.0,1.0,1.0
0.975,1.0,1.0,1.0,1.0,1.0,1.0
0.976,1.0,1.0,1.0,1.0,1.0,1.0
0.977,1.0,1.0,1.0,1.0,1.0,1.0
0.978,1.0,1.0,1.0,1.0,1.0,1.0
0.979,1.0,1.0,1.0,1.0,1.0,1.0
0.98,1.0,1.0,1.0,1.0,1.0,1.0
0.981,1.0,1.0,1.0,1.0,1.0,1.0
0.982,1.0,1.0,1.0,1.0,1.0,1.0
0.983,1.0,1.0,1.0,1.0,1.0,1.0
0.984,1.0,1.0,1.0,1.0,1.0,1.0
0.985,1.0,1.0,1.0,1.0,1.0,1.0
0.986,1.0,1.0,1.0,1.0,1.0,1.0
0.987,1.0,1.0,1.0,1.0,1.0,1.0
0.988,1.0,1.0,1.0,1.0,1.0,1.0
0.989,1.0,1.0,1.0,1.0,1.0,1.0
0.99,1.0,1.0,1.0,1.0,1.0,1.0
0.991,1.0,1.0,1.0,1.0,1.0,1.0
0.992,1.0,1.0,1.0,1.0,1.0,1.0
0.993,1.0,1.0,1.0,1.0,1.0,1.0
0.994,1.0,1.0,1.0,1.0,1.0,1.0
0.995,1.0,1.0,1.0,1.0,1.0,1.0
0.996,1.0,1.0,1.0,1.0,1.0,1.0
0.997,1.0,1.0,1.0,1.0,1.0,1.0
0.998,1.0,1.0,1.0,1.0,1.0,1.0
0.999,1.0,1.0,1.0,1.0,1.0,1.0
1.0,1.0,1.0,1.0,1.0,1.0,1.0
