subset_label_id,subset_label_name,path,optimization_rank,kernel,reference_method,eigenvalue_method,stop_when_objective_decreases,objective,objective_gain,probability_lambda,base_von_neumann_entropy,von_neumann_entropy,von_neumann_entropy_gain,log_probability,log_probability_sum,positive_probability,subset_probability,best_predicted_subset_label_id,best_predicted_subset_label_name,best_predicted_subset_probability,actual_label_id,actual_label_name
20,elephant,C:\Users\maxbe\Downloads\DINO-Kernel-Herding\coco\train2017\000000092624.jpg,1,rbf,kernel_herding,direct,True,0.7412126021581932,0.0024545242729174,0.005,0.7387580967764847,0.741313239432822,0.0025551615475463,-0.0201274549257727,-0.0201274549257727,0.9800737501178134,0.9800737501178134,20,elephant,0.9800737501178134,23,giraffe
20,elephant,C:\Users\maxbe\Downloads\DINO-Kernel-Herding\coco\train2017\000000043220.jpg,2,rbf,kernel_herding,direct,True,0.7435767940086571,0.0023641918504638,0.005,0.7387580967764847,0.7437665214809,0.0024532820480779,-0.0178180395228086,-0.0379454944485813,0.9823397631079006,0.9823397631079006,20,elephant,0.9823397631079006,22,zebra
20,elephant,C:\Users\maxbe\Downloads\DINO-Kernel-Herding\coco\train2017\000000570246.jpg,3,rbf,kernel_herding,direct,True,0.7458467045677823,0.0022699105591252,0.005,0.7387580967764847,0.7462385879835823,0.0024720665026823,-0.0404311887114104,-0.0783766831599918,0.9603752468950484,0.9603752468950484,20,elephant,0.9603752468950484,23,giraffe
20,elephant,C:\Users\maxbe\Downloads\DINO-Kernel-Herding\coco\train2017\000000130966.jpg,4,rbf,kernel_herding,direct,True,0.7479827809980775,0.0021360764302951,0.005,0.7387580967764847,0.7486334673660973,0.0023948793825149,-0.0517605904439587,-0.1301372736039506,0.9495561724529196,0.9495561724529196,20,elephant,0.9495561724529196,19,cow
20,elephant,C:\Users\maxbe\Downloads\DINO-Kernel-Herding\coco\train2017\000000225663.jpg,5,rbf,kernel_herding,direct,True,0.7500391857908257,0.0020564047927482,0.005,0.7387580967764847,0.750907785789822,0.0022743184237247,-0.0435827261952952,-0.1737199997992458,0.9573533526135788,0.9573533526135788,20,elephant,0.9573533526135788,14,bird
20,elephant,C:\Users\maxbe\Downloads\DINO-Kernel-Herding\coco\train2017\000000310618.jpg,6,rbf,kernel_herding,direct,True,0.7520269550319377,0.0019877692411119,0.005,0.7387580967764847,0.7530589286359328,0.0021511428461108,-0.0326747209997773,-0.2063947207990231,0.9678533307548218,0.9678533307548218,20,elephant,0.9678533307548218,19,cow
20,elephant,C:\Users\maxbe\Downloads\DINO-Kernel-Herding\coco\train2017\000000219196.jpg,7,rbf,kernel_herding,direct,True,0.7539144023554933,0.0018874473235556,0.005,0.7387580967764847,0.7551105609490298,0.002051632313097,-0.0328369979082869,-0.2392317187073101,0.9676962832513524,0.9676962832513524,20,elephant,0.9676962832513524,21,bear
20,elephant,C:\Users\maxbe\Downloads\DINO-Kernel-Herding\coco\train2017\000000447243.jpg,8,rbf,kernel_herding,direct,True,0.7557375853262702,0.0018231829707768,0.005,0.7387580967764847,0.7570526825948425,0.0019421216458126,-0.0237877350071466,-0.2630194537144567,0.9764929630316432,0.9764929630316432,20,elephant,0.9764929630316432,20,elephant
20,elephant,C:\Users\maxbe\Downloads\DINO-Kernel-Herding\coco\train2017\000000551357.jpg,9,rbf,kernel_herding,direct,True,0.7575218998821178,0.0017843145558475,0.005,0.7387580967764847,0.7588815277124965,0.001828845117654,-0.0089061123612812,-0.271925566075738,0.9911334295810136,0.9911334295810136,20,elephant,0.9911334295810136,19,cow
20,elephant,C:\Users\maxbe\Downloads\DINO-Kernel-Herding\coco\train2017\000000542173.jpg,10,rbf,kernel_herding,direct,True,0.7592042848169581,0.0016823849348402,0.005,0.7387580967764847,0.7608953581995355,0.0020138304870389,-0.0662891104397354,-0.3382146765154734,0.9358602582042008,0.9358602582042008,20,elephant,0.9358602582042008,22,zebra
20,elephant,C:\Users\maxbe\Downloads\DINO-Kernel-Herding\coco\train2017\000000483142.jpg,11,rbf,kernel_herding,direct,True,0.760817782877398,0.0016134980604398,0.005,0.7387580967764847,0.7626767881621885,0.001781429962653,-0.0335863804426417,-0.3718010569581151,0.9669713802068872,0.9669713802068872,20,elephant,0.9669713802068872,23,giraffe
20,elephant,C:\Users\maxbe\Downloads\DINO-Kernel-Herding\coco\train2017\000000472666.jpg,12,rbf,kernel_herding,direct,True,0.7623614805367127,0.0015436976593147,0.005,0.7387580967764847,0.7643028262229173,0.0016260380607288,-0.0164680802828135,-0.3882691372409287,0.9836667772539,0.9836667772539,20,elephant,0.9836667772539,19,cow
20,elephant,C:\Users\maxbe\Downloads\DINO-Kernel-Herding\coco\train2017\000000436411.jpg,13,rbf,kernel_herding,direct,True,0.7638422591441578,0.0014807786074451,0.005,0.7387580967764847,0.7663708077811316,0.0020679815582143,-0.1174405901538267,-0.5057097273947555,0.8891933370156324,0.8891933370156324,20,elephant,0.8891933370156324,21,bear
20,elephant,C:\Users\maxbe\Downloads\DINO-Kernel-Herding\coco\train2017\000000195472.jpg,14,rbf,kernel_herding,direct,True,0.7652609495584982,0.0014186904143403,0.005,0.7387580967764847,0.7681983625742389,0.0018275547931072,-0.0817728757533785,-0.587482603148134,0.9214812256588022,0.9214812256588022,20,elephant,0.9214812256588022,17,horse
20,elephant,C:\Users\maxbe\Downloads\DINO-Kernel-Herding\coco\train2017\000000090257.jpg,15,rbf,kernel_herding,direct,True,0.7666317729360589,0.0013708233775606,0.005,0.7387580967764847,0.7696333607412112,0.0014349981669723,-0.0128349578823421,-0.6003175610304762,0.9872470589195208,0.9872470589195208,20,elephant,0.9872470589195208,22,zebra
20,elephant,C:\Users\maxbe\Downloads\DINO-Kernel-Herding\coco\train2017\000000169959.jpg,16,rbf,kernel_herding,direct,True,0.7679369065465859,0.0013051336105269,0.005,0.7387580967764847,0.7709795633570805,0.0013462026158692,-0.0082138010684577,-0.608531362098934,0.9918198400244428,0.9918198400244428,20,elephant,0.9918198400244428,23,giraffe
20,elephant,C:\Users\maxbe\Downloads\DINO-Kernel-Herding\coco\train2017\000000064522.jpg,17,rbf,kernel_herding,direct,True,0.769199527839986,0.0012626212934001,0.005,0.7387580967764847,0.7723505323707673,0.0013709690136868,-0.0216695440573387,-0.6302009061562727,0.9785635537675866,0.9785635537675866,20,elephant,0.9785635537675866,17,horse
20,elephant,C:\Users\maxbe\Downloads\DINO-Kernel-Herding\coco\train2017\000000005245.jpg,18,rbf,kernel_herding,direct,True,0.770382957302326,0.0011834294623399,0.005,0.7387580967764847,0.7735760219665816,0.0012254895958142,-0.0084120266948543,-0.6386129328511271,0.99162325540008,0.99162325540008,20,elephant,0.99162325540008,0,person
20,elephant,C:\Users\maxbe\Downloads\DINO-Kernel-Herding\coco\train2017\000000236123.jpg,19,rbf,kernel_herding,direct,True,0.7715413823320173,0.0011584250296913,0.005,0.7387580967764847,0.7750577514551225,0.0014817294885408,-0.0646608917699022,-0.7032738246210293,0.9373852845502338,0.9373852845502338,20,elephant,0.9373852845502338,21,bear
20,elephant,C:\Users\maxbe\Downloads\DINO-Kernel-Herding\coco\train2017\000000355796.jpg,20,rbf,kernel_herding,direct,True,0.7726708338563717,0.0011294515243543,0.005,0.7387580967764847,0.7764218168579091,0.0013640654027866,-0.0469227756864607,-0.75019660030749,0.954161079178675,0.954161079178675,20,elephant,0.954161079178675,22,zebra
20,elephant,C:\Users\maxbe\Downloads\DINO-Kernel-Herding\coco\train2017\000000239387.jpg,21,rbf,kernel_herding,direct,True,0.7737706188012032,0.0010997849448315,0.005,0.7387580967764847,0.7776582557287389,0.0012364388708298,-0.0273307851996392,-0.7775273855071292,0.9730393212769,0.9730393212769,20,elephant,0.9730393212769,19,cow
20,elephant,C:\Users\maxbe\Downloads\DINO-Kernel-Herding\coco\train2017\000000545278.jpg,22,rbf,kernel_herding,direct,True,0.774806975022995,0.0010363562217917,0.005,0.7387580967764847,0.7792356168481692,0.0015773611194302,-0.1082009795277189,-0.8857283650348481,0.8974472097866552,0.8974472097866552,20,elephant,0.8974472097866552,23,giraffe
20,elephant,C:\Users\maxbe\Downloads\DINO-Kernel-Herding\coco\train2017\000000295896.jpg,23,rbf,kernel_herding,direct,True,0.7757828441433876,0.0009758691203926,0.005,0.7387580967764847,0.7805439745800474,0.0013083577318782,-0.0664977222971065,-0.9522260873319548,0.9356650470198886,0.9356650470198886,20,elephant,0.9356650470198886,23,giraffe
20,elephant,C:\Users\maxbe\Downloads\DINO-Kernel-Herding\coco\train2017\000000409115.jpg,24,rbf,kernel_herding,direct,True,0.7767282137562694,0.0009453696128818,0.005,0.7387580967764847,0.7817007107159589,0.0011567361359114,-0.0422733046059471,-0.9944993919379018,0.9586077528522728,0.9586077528522728,20,elephant,0.9586077528522728,19,cow
20,elephant,C:\Users\maxbe\Downloads\DINO-Kernel-Herding\coco\train2017\000000341017.jpg,25,rbf,kernel_herding,direct,True,0.7776508214083975,0.000922607652128,0.005,0.7387580967764847,0.7828195625769617,0.0011188518610028,-0.0392488417749451,-1.033748233712847,0.961511415166252,0.961511415166252,20,elephant,0.961511415166252,5,bus
20,elephant,C:\Users\maxbe\Downloads\DINO-Kernel-Herding\coco\train2017\000000025145.jpg,26,rbf,kernel_herding,direct,True,0.7785510466724795,0.000900225264082,0.005,0.7387580967764847,0.7839632363898876,0.0011436738129259,-0.0486897097687749,-1.082437943481622,0.9524766280431612,0.9524766280431612,20,elephant,0.9524766280431612,22,zebra
20,elephant,C:\Users\maxbe\Downloads\DINO-Kernel-Herding\coco\train2017\000000435686.jpg,27,rbf,kernel_herding,direct,True,0.7794217199250305,0.0008706732525509,0.005,0.7387580967764847,0.7849327112075795,0.0009694748176918,-0.0197603130281683,-1.1021982565097903,0.980433642315934,0.980433642315934,20,elephant,0.980433642315934,23,giraffe
20,elephant,C:\Users\maxbe\Downloads\DINO-Kernel-Herding\coco\train2017\000000224407.jpg,28,rbf,kernel_herding,direct,True,0.7802603146234952,0.0008385946984647,0.005,0.7387580967764847,0.7857945635882587,0.0008618523806792,-0.0046515364429045,-1.1068497929526948,0.9953592651971696,0.9953592651971696,20,elephant,0.9953592651971696,20,elephant
20,elephant,C:\Users\maxbe\Downloads\DINO-Kernel-Herding\coco\train2017\000000454683.jpg,29,rbf,kernel_herding,direct,True,0.7810625937321727,0.0008022791086774,0.005,0.7387580967764847,0.7870155719841778,0.001221008395919,-0.0837458574483366,-1.190595650401031,0.919664952394457,0.919664952394457,20,elephant,0.919664952394457,0,person
20,elephant,C:\Users\maxbe\Downloads\DINO-Kernel-Herding\coco\train2017\000000263588.jpg,30,rbf,kernel_herding,direct,True,0.7818333557323788,0.000770762000206,0.005,0.7387580967764847,0.788308895822467,0.0012933238382891,-0.1045123676166152,-1.2951080180176466,0.9007636570374222,0.9007636570374222,20,elephant,0.9007636570374222,62,tv
20,elephant,C:\Users\maxbe\Downloads\DINO-Kernel-Herding\coco\train2017\000000464927.jpg,31,rbf,kernel_herding,direct,True,0.782568656840482,0.0007353011081032,0.005,0.7387580967764847,0.7896691937876738,0.0013602979652067,-0.1249993714206861,-1.4201073894383327,0.8824974573030673,0.8824974573030673,20,elephant,0.8824974573030673,8,boat
20,elephant,C:\Users\maxbe\Downloads\DINO-Kernel-Herding\coco\train2017\000000529981.jpg,32,rbf,kernel_herding,direct,True,0.7832714822941794,0.0007028254536973,0.005,0.7387580967764847,0.7904983660356271,0.0008291722479533,-0.0252693588511988,-1.4453767482895317,0.9750472390481,0.9750472390481,20,elephant,0.9750472390481,17,horse
20,elephant,C:\Users\maxbe\Downloads\DINO-Kernel-Herding\coco\train2017\000000081116.jpg,33,rbf,kernel_herding,direct,True,0.7839461702789908,0.0006746879848114,0.005,0.7387580967764847,0.7918427079829048,0.0013443419472777,-0.1339307924932609,-1.5793075407827926,0.8746505948946751,0.8746505948946751,20,elephant,0.8746505948946751,10,fire hydrant
20,elephant,C:\Users\maxbe\Downloads\DINO-Kernel-Herding\coco\train2017\000000058640.jpg,34,rbf,kernel_herding,direct,True,0.7845950936102217,0.0006489233312308,0.005,0.7387580967764847,0.7925132511156991,0.0006705431327943,-0.0043239603126894,-1.583631501095482,0.9956853745433396,0.9956853745433396,20,elephant,0.9956853745433396,19,cow
20,elephant,C:\Users\maxbe\Downloads\DINO-Kernel-Herding\coco\train2017\000000162767.jpg,35,rbf,kernel_herding,direct,True,0.7852206125720289,0.0006255189618071,0.005,0.7387580967764847,0.7936925444540843,0.0011792933383851,-0.1107548753156013,-1.6943863764110834,0.8951581473953099,0.8951581473953099,20,elephant,0.8951581473953099,21,bear
20,elephant,C:\Users\maxbe\Downloads\DINO-Kernel-Herding\coco\train2017\000000412198.jpg,36,rbf,kernel_herding,direct,True,0.7858277667915093,0.0006071542194804,0.005,0.7387580967764847,0.7944167027710737,0.0007241583169893,-0.0234008195017739,-1.7177871959128572,0.9768708564016156,0.9768708564016156,20,elephant,0.9768708564016156,23,giraffe
20,elephant,C:\Users\maxbe\Downloads\DINO-Kernel-Herding\coco\train2017\000000441949.jpg,37,rbf,kernel_herding,direct,True,0.7863885185396005,0.0005607517480911,0.005,0.7387580967764847,0.7950664540878948,0.0006497513168211,-0.0177999137460109,-1.7355871096588682,0.982357568940558,0.982357568940558,20,elephant,0.982357568940558,22,zebra
20,elephant,C:\Users\maxbe\Downloads\DINO-Kernel-Herding\coco\train2017\000000405630.jpg,38,rbf,kernel_herding,direct,True,0.7869204281601804,0.0005319096205799,0.005,0.7387580967764847,0.7962318247249045,0.0011653706370097,-0.1266922032859502,-1.8622793129448183,0.8810048012506493,0.8810048012506493,20,elephant,0.8810048012506493,20,elephant
20,elephant,C:\Users\maxbe\Downloads\DINO-Kernel-Herding\coco\train2017\000000379405.jpg,39,rbf,kernel_herding,direct,True,0.7874326754757526,0.0005122473155722,0.005,0.7387580967764847,0.7967573143684565,0.000525489643552,-0.0026484655959649,-1.8649277785407836,0.997355038493871,0.997355038493871,20,elephant,0.997355038493871,20,elephant
20,elephant,C:\Users\maxbe\Downloads\DINO-Kernel-Herding\coco\train2017\000000477067.jpg,40,rbf,kernel_herding,direct,True,0.7879293947103421,0.0004967192345894,0.005,0.7387580967764847,0.7972617010670119,0.0005043866985553,-0.0015334927931825,-1.8664612713339657,0.9984676824050942,0.9984676824050942,20,elephant,0.9984676824050942,20,elephant
20,elephant,C:\Users\maxbe\Downloads\DINO-Kernel-Herding\coco\train2017\000000393979.jpg,41,rbf,kernel_herding,direct,True,0.7884092292754942,0.0004798345651521,0.005,0.7387580967764847,0.7979717124297413,0.0007100113627294,-0.0460353595154684,-1.9124966308494344,0.9550081929657148,0.9550081929657148,20,elephant,0.9550081929657148,22,zebra
20,elephant,C:\Users\maxbe\Downloads\DINO-Kernel-Herding\coco\train2017\000000573066.jpg,42,rbf,kernel_herding,direct,True,0.7888678137223241,0.0004585844468298,0.005,0.7387580967764847,0.7989517796905956,0.0009800672608543,-0.1042965628048645,-2.0167931936542987,0.9009580671454251,0.9009580671454251,20,elephant,0.9009580671454251,17,horse
20,elephant,C:\Users\maxbe\Downloads\DINO-Kernel-Herding\coco\train2017\000000293591.jpg,43,rbf,kernel_herding,direct,True,0.7893095414604202,0.0004417277380961,0.005,0.7387580967764847,0.7994252991485219,0.0004735194579262,-0.0063583439660316,-2.0231515376203304,0.993661827526888,0.993661827526888,20,elephant,0.993661827526888,22,zebra
20,elephant,C:\Users\maxbe\Downloads\DINO-Kernel-Herding\coco\train2017\000000290836.jpg,44,rbf,kernel_herding,direct,True,0.7897127444983889,0.0004032030379687,0.005,0.7387580967764847,0.7998321131628452,0.0004068140143232,-0.000722195270927,-2.023873732891257,0.9992780654483102,0.9992780654483102,20,elephant,0.9992780654483102,20,elephant
20,elephant,C:\Users\maxbe\Downloads\DINO-Kernel-Herding\coco\train2017\000000262098.jpg,45,rbf,kernel_herding,direct,True,0.7901058064654986,0.0003930619671096,0.005,0.7387580967764847,0.8002879135261329,0.0004558003632877,-0.0125476792356149,-2.0364214121268724,0.9875307146607608,0.9875307146607608,20,elephant,0.9875307146607608,23,giraffe
20,elephant,C:\Users\maxbe\Downloads\DINO-Kernel-Herding\coco\train2017\000000516263.jpg,46,rbf,kernel_herding,direct,True,0.7904592967120688,0.0003534902465702,0.005,0.7387580967764847,0.8012286799524034,0.0009407664262705,-0.1174552359400576,-2.1538766480669302,0.8891803141754656,0.8891803141754656,20,elephant,0.8891803141754656,22,zebra
20,elephant,C:\Users\maxbe\Downloads\DINO-Kernel-Herding\coco\train2017\000000189983.jpg,47,rbf,kernel_herding,direct,True,0.7907817623303542,0.0003224656182854,0.005,0.7387580967764847,0.8019681047775239,0.0007394248251204,-0.0833918413670022,-2.2372684894339323,0.919990586213448,0.919990586213448,20,elephant,0.919990586213448,23,giraffe
20,elephant,C:\Users\maxbe\Downloads\DINO-Kernel-Herding\coco\train2017\000000528868.jpg,48,rbf,kernel_herding,direct,True,0.7910857064390798,0.0003039441087255,0.005,0.7387580967764847,0.8025938700978157,0.0006257653202917,-0.0643642423132377,-2.30163273174717,0.9376634006350344,0.9376634006350344,20,elephant,0.9376634006350344,21,bear
20,elephant,C:\Users\maxbe\Downloads\DINO-Kernel-Herding\coco\train2017\000000221505.jpg,49,rbf,kernel_herding,direct,True,0.7913749769780883,0.0002892705390085,0.005,0.7387580967764847,0.803568639666567,0.0009747695687513,-0.1370998059485611,-2.4387325376957314,0.8718832026583756,0.8718832026583756,20,elephant,0.8718832026583756,33,kite
20,elephant,C:\Users\maxbe\Downloads\DINO-Kernel-Herding\coco\train2017\000000176462.jpg,50,rbf,kernel_herding,direct,True,0.7916292579924017,0.0002542810143133,0.005,0.7387580967764847,0.8041839572315829,0.0006153175650158,-0.0722073101404985,-2.5109398478362297,0.9303380073140184,0.9303380073140184,20,elephant,0.9303380073140184,20,elephant
20,elephant,C:\Users\maxbe\Downloads\DINO-Kernel-Herding\coco\train2017\000000188002.jpg,51,rbf,kernel_herding,direct,True,0.791835171229883,0.0002059132374813,0.005,0.7387580967764847,0.8050174178132617,0.0008334605816788,-0.1255094688395192,-2.636449316675749,0.8820474124210945,0.8820474124210945,20,elephant,0.8820474124210945,19,cow
20,elephant,C:\Users\maxbe\Downloads\DINO-Kernel-Herding\coco\train2017\000000461435.jpg,52,rbf,kernel_herding,direct,True,0.7920247296015545,0.0001895583716714,0.005,0.7387580967764847,0.8058786561633818,0.00086123835012,-0.1343359956897317,-2.7707853123654806,0.8742962554724099,0.8742962554724099,20,elephant,0.8742962554724099,0,person
20,elephant,C:\Users\maxbe\Downloads\DINO-Kernel-Herding\coco\train2017\000000140387.jpg,53,rbf,kernel_herding,direct,True,0.7921957816736093,0.0001710520720548,0.005,0.7387580967764847,0.8062077919625308,0.0003291357991489,-0.0316167454188216,-2.8024020577843025,0.9688778378008648,0.9688778378008648,20,elephant,0.9688778378008648,22,zebra
20,elephant,C:\Users\maxbe\Downloads\DINO-Kernel-Herding\coco\train2017\000000558759.jpg,54,rbf,kernel_herding,direct,True,0.7923572536579057,0.0001614719842963,0.005,0.7387580967764847,0.8063710757802688,0.000163283817738,-0.0003623666883316,-2.802764424472634,0.9996376989575472,0.9996376989575472,20,elephant,0.9996376989575472,20,elephant
20,elephant,C:\Users\maxbe\Downloads\DINO-Kernel-Herding\coco\train2017\000000285913.jpg,55,rbf,kernel_herding,direct,True,0.7925050971318652,0.0001478434739595,0.005,0.7387580967764847,0.8074354581028368,0.001064382322568,-0.1833077697216681,-2.9860721941943025,0.8325118943493564,0.8325118943493564,20,elephant,0.8325118943493564,19,cow
20,elephant,C:\Users\maxbe\Downloads\DINO-Kernel-Herding\coco\train2017\000000242664.jpg,56,rbf,kernel_herding,direct,True,0.7926436296277471,0.0001385324958819,0.005,0.7387580967764847,0.8075767075426985,0.0001412494398617,-0.0005433887959726,-2.986615582990275,0.9994567588119816,0.9994567588119816,20,elephant,0.9994567588119816,20,elephant
20,elephant,C:\Users\maxbe\Downloads\DINO-Kernel-Herding\coco\train2017\000000311583.jpg,57,rbf,kernel_herding,direct,True,0.7927675905057954,0.0001239608780482,0.005,0.7387580967764847,0.8079628474881797,0.0003861399454812,-0.0524358134865972,-3.0390513964768724,0.9489152266600354,0.9489152266600354,20,elephant,0.9489152266600354,23,giraffe
20,elephant,C:\Users\maxbe\Downloads\DINO-Kernel-Herding\coco\train2017\000000467662.jpg,58,rbf,kernel_herding,direct,True,0.7928881572724131,0.0001205667666177,0.005,0.7387580967764847,0.8080850116939436,0.0001221642057639,-0.0003194878292336,-3.039370884306106,0.9996805632005682,0.9996805632005682,20,elephant,0.9996805632005682,20,elephant
20,elephant,C:\Users\maxbe\Downloads\DINO-Kernel-Herding\coco\train2017\000000176157.jpg,59,rbf,kernel_herding,direct,True,0.7929883374611869,0.0001001801887737,0.005,0.7387580967764847,0.8087537540305733,0.0006687423366296,-0.1137124295711599,-3.153083313877266,0.8925145797813714,0.8925145797813714,20,elephant,0.8925145797813714,0,person
20,elephant,C:\Users\maxbe\Downloads\DINO-Kernel-Herding\coco\train2017\000000267242.jpg,60,rbf,kernel_herding,direct,True,0.7930724921972491,8.415473606215862e-05,0.005,0.7387580967764847,0.8090321909555073,0.000278436924934,-0.0388564377743676,-3.191939751651633,0.9618887901290448,0.9618887901290448,20,elephant,0.9618887901290448,22,zebra
20,elephant,C:\Users\maxbe\Downloads\DINO-Kernel-Herding\coco\train2017\000000392153.jpg,61,rbf,kernel_herding,direct,True,0.7931438675270881,7.137532983902961e-05,0.005,0.7387580967764847,0.8097262537757729,0.0006940628202656,-0.1245374980853205,-3.316477249736954,0.8829051534918755,0.8829051534918755,20,elephant,0.8829051534918755,22,zebra
20,elephant,C:\Users\maxbe\Downloads\DINO-Kernel-Herding\coco\train2017\000000506979.jpg,62,rbf,kernel_herding,direct,True,0.7931915203952644,4.765286817631775e-05,0.005,0.7387580967764847,0.8097748233973387,4.856962156585265e-05,-0.0001833506779067,-3.3166606004148607,0.9998166661288016,0.9998166661288016,20,elephant,0.9998166661288016,0,person
20,elephant,C:\Users\maxbe\Downloads\DINO-Kernel-Herding\coco\train2017\000000550703.jpg,63,rbf,kernel_herding,direct,True,0.7932329113919344,4.139099666999879e-05,0.005,0.7387580967764847,0.8098274431717838,5.261977444503962e-05,-0.0022457555550078,-3.3189063559698684,0.997756764266344,0.997756764266344,20,elephant,0.997756764266344,20,elephant
20,elephant,C:\Users\maxbe\Downloads\DINO-Kernel-Herding\coco\train2017\000000164565.jpg,64,rbf,kernel_herding,direct,True,0.7932742786425008,4.136725056635981e-05,0.005,0.7387580967764847,0.8098719592279617,4.451605617794563e-05,-0.0006297611223182,-3.3195361170921864,0.9993704371345968,0.9993704371345968,20,elephant,0.9993704371345968,20,elephant
20,elephant,C:\Users\maxbe\Downloads\DINO-Kernel-Herding\coco\train2017\000000299041.jpg,65,rbf,kernel_herding,direct,True,0.7933038377877453,2.9559145244495436e-05,0.005,0.7387580967764847,0.8102406624803922,0.0003687032524304,-0.0678288214372009,-3.387364938529388,0.9344204126300386,0.9344204126300386,20,elephant,0.9344204126300386,25,umbrella
20,elephant,C:\Users\maxbe\Downloads\DINO-Kernel-Herding\coco\train2017\000000106051.jpg,66,rbf,kernel_herding,direct,True,0.7933167218800212,1.288409227595544e-05,0.005,0.7387580967764847,0.8109717138290976,0.0007310513487054,-0.1436334512858784,-3.5309983898152657,0.8662051962753934,0.8662051962753934,20,elephant,0.8662051962753934,17,horse
34,baseball bat,C:\Users\maxbe\Downloads\DINO-Kernel-Herding\coco\train2017\000000018656.jpg,1,rbf,kernel_herding,direct,True,0.7002456351963626,0.0027613284989468,0.005,0.6974842663577981,0.7002787403179875,0.0027944336205717,-0.0066210243249716,-0.0066210243249716,0.993400846360182,0.993400846360182,34,baseball bat,0.993400846360182,0,person
34,baseball bat,C:\Users\maxbe\Downloads\DINO-Kernel-Herding\coco\train2017\000000222206.jpg,2,rbf,kernel_herding,direct,True,0.7028677265263318,0.0026220913299691,0.005,0.6974842663577981,0.7030352147699718,0.0027564744519842,-0.0268766244030241,-0.0334976487279958,0.9734813379559152,0.9734813379559152,34,baseball bat,0.9734813379559152,0,person
34,baseball bat,C:\Users\maxbe\Downloads\DINO-Kernel-Herding\coco\train2017\000000579696.jpg,3,rbf,kernel_herding,direct,True,0.7053207474607625,0.0024530209344306,0.005,0.6974842663577981,0.7055971148496681,0.0025619000796963,-0.0217758290531324,-0.0552734777811282,0.9784595526713664,0.9784595526713664,34,baseball bat,0.9784595526713664,0,person
34,baseball bat,C:\Users\maxbe\Downloads\DINO-Kernel-Herding\coco\train2017\000000133490.jpg,4,rbf,kernel_herding,direct,True,0.7076574407796682,0.0023366933189057,0.005,0.6974842663577981,0.7080519938676098,0.0024548790179416,-0.0236371398071737,-0.0789106175883019,0.9766400292581392,0.9766400292581392,34,baseball bat,0.9766400292581392,0,person
34,baseball bat,C:\Users\maxbe\Downloads\DINO-Kernel-Herding\coco\train2017\000000170040.jpg,5,rbf,kernel_herding,direct,True,0.7097883548216044,0.0021309140419362,0.005,0.6974842663577981,0.7103314222568953,0.0022794283892855,-0.0297028694698759,-0.1086134870581779,0.9707339253862362,0.9707339253862362,34,baseball bat,0.9707339253862362,0,person
34,baseball bat,C:\Users\maxbe\Downloads\DINO-Kernel-Herding\coco\train2017\000000355629.jpg,6,rbf,kernel_herding,direct,True,0.7118378756634155,0.002049520841811,0.005,0.6974842663577981,0.7124337395797758,0.0021023173228805,-0.0105592962138965,-0.1191727832720745,0.9894962574455788,0.9894962574455788,34,baseball bat,0.9894962574455788,0,person
34,baseball bat,C:\Users\maxbe\Downloads\DINO-Kernel-Herding\coco\train2017\000000351888.jpg,7,rbf,kernel_herding,direct,True,0.7137916014056928,0.0019537257422772,0.005,0.6974842663577981,0.7144092238631827,0.0019754842834068,-0.0043517082259156,-0.1235244914979901,0.995657746735275,0.995657746735275,34,baseball bat,0.995657746735275,0,person
34,baseball bat,C:\Users\maxbe\Downloads\DINO-Kernel-Herding\coco\train2017\000000123964.jpg,8,rbf,kernel_herding,direct,True,0.7157014214589539,0.0019098200532611,0.005,0.6974842663577981,0.7163798248364251,0.0019706009732424,-0.0121561839962552,-0.1356806754942454,0.987917403922836,0.987917403922836,34,baseball bat,0.987917403922836,16,dog
34,baseball bat,C:\Users\maxbe\Downloads\DINO-Kernel-Herding\coco\train2017\000000289915.jpg,9,rbf,kernel_herding,direct,True,0.7175217316238413,0.0018203101648873,0.005,0.6974842663577981,0.7186349304269406,0.0022551055905154,-0.0869590851256343,-0.2226397606198798,0.9167146021276356,0.9167146021276356,34,baseball bat,0.9167146021276356,0,person
34,baseball bat,C:\Users\maxbe\Downloads\DINO-Kernel-Herding\coco\train2017\000000362103.jpg,10,rbf,kernel_herding,direct,True,0.719299244418174,0.0017775127943328,0.005,0.6974842663577981,0.7204875358994914,0.0018526054725508,-0.0150185356436003,-0.2376582962634801,0.9850936800874702,0.9850936800874702,34,baseball bat,0.9850936800874702,0,person
34,baseball bat,C:\Users\maxbe\Downloads\DINO-Kernel-Herding\coco\train2017\000000118964.jpg,11,rbf,kernel_herding,direct,True,0.7210098009920182,0.0017105565738441,0.005,0.6974842663577981,0.722480938943657,0.0019934030441655,-0.0565692940642723,-0.2942275903277525,0.9450009992653235,0.9450009992653235,34,baseball bat,0.9450009992653235,0,person
34,baseball bat,C:\Users\maxbe\Downloads\DINO-Kernel-Herding\coco\train2017\000000437831.jpg,12,rbf,kernel_herding,direct,True,0.722639212458868,0.0016294114668498,0.005,0.6974842663577981,0.7241502539719022,0.0016693150282452,-0.0079807122791095,-0.302208302606862,0.9920510490552756,0.9920510490552756,34,baseball bat,0.9920510490552756,0,person
34,baseball bat,C:\Users\maxbe\Downloads\DINO-Kernel-Herding\coco\train2017\000000412788.jpg,13,rbf,kernel_herding,direct,True,0.7242194514462704,0.0015802389874024,0.005,0.6974842663577981,0.7259585055979461,0.0018082516260438,-0.0456025277282705,-0.3478108303351326,0.9554216403387932,0.9554216403387932,34,baseball bat,0.9554216403387932,0,person
34,baseball bat,C:\Users\maxbe\Downloads\DINO-Kernel-Herding\coco\train2017\000000268552.jpg,14,rbf,kernel_herding,direct,True,0.7257055818017928,0.0014861303555223,0.005,0.6974842663577981,0.727825728013715,0.0018672224157689,-0.0762184120493122,-0.4240292423844448,0.9266138008361008,0.9266138008361008,34,baseball bat,0.9266138008361008,2,car
34,baseball bat,C:\Users\maxbe\Downloads\DINO-Kernel-Herding\coco\train2017\000000137395.jpg,15,rbf,kernel_herding,direct,True,0.7271448469707109,0.0014392651689181,0.005,0.6974842663577981,0.729432369462748,0.0016066414490329,-0.0334752560229719,-0.4575044984074168,0.9670788403109604,0.9670788403109604,34,baseball bat,0.9670788403109604,0,person
34,baseball bat,C:\Users\maxbe\Downloads\DINO-Kernel-Herding\coco\train2017\000000037662.jpg,16,rbf,kernel_herding,direct,True,0.7285161824046993,0.0013713354339883,0.005,0.6974842663577981,0.73156767117254,0.0021353017097919,-0.1527932551607081,-0.610297753568125,0.8583071540427885,0.8583071540427885,34,baseball bat,0.8583071540427885,35,baseball glove
34,baseball bat,C:\Users\maxbe\Downloads\DINO-Kernel-Herding\coco\train2017\000000221661.jpg,17,rbf,kernel_herding,direct,True,0.7298400252593955,0.0013238428546962,0.005,0.6974842663577981,0.733665796066437,0.002098124893897,-0.1548564078401762,-0.7651541614083013,0.8565381608171643,0.8565381608171643,34,baseball bat,0.8565381608171643,0,person
34,baseball bat,C:\Users\maxbe\Downloads\DINO-Kernel-Herding\coco\train2017\000000205564.jpg,18,rbf,kernel_herding,direct,True,0.7311028211060454,0.0012627958466499,0.005,0.6974842663577981,0.7353800365796191,0.0017142405131821,-0.0902889333064547,-0.855443094714756,0.9136671582559316,0.9136671582559316,34,baseball bat,0.9136671582559316,0,person
34,baseball bat,C:\Users\maxbe\Downloads\DINO-Kernel-Herding\coco\train2017\000000115823.jpg,19,rbf,kernel_herding,direct,True,0.7323251037826289,0.0012222826765835,0.005,0.6974842663577981,0.7368789818300361,0.0014989452504169,-0.0553325147666827,-0.9107756094814388,0.946170479983116,0.946170479983116,34,baseball bat,0.946170479983116,0,person
34,baseball bat,C:\Users\maxbe\Downloads\DINO-Kernel-Herding\coco\train2017\000000237745.jpg,20,rbf,kernel_herding,direct,True,0.733503227163396,0.001178123380767,0.005,0.6974842663577981,0.738873714324198,0.0019947324941619,-0.1633218226789574,-1.0740974321603962,0.8493178146926071,0.8493178146926071,34,baseball bat,0.8493178146926071,0,person
34,baseball bat,C:\Users\maxbe\Downloads\DINO-Kernel-Herding\coco\train2017\000000128729.jpg,21,rbf,kernel_herding,direct,True,0.7346400292878155,0.0011368021244194,0.005,0.6974842663577981,0.7408438696667102,0.0019701553425122,-0.1666706436185678,-1.240768075778964,0.846478358479203,0.846478358479203,34,baseball bat,0.846478358479203,0,person
34,baseball bat,C:\Users\maxbe\Downloads\DINO-Kernel-Herding\coco\train2017\000000390524.jpg,22,rbf,kernel_herding,direct,True,0.735707457561494,0.0010674282736785,0.005,0.6974842663577981,0.7426220731383328,0.0017782034716226,-0.1421550395888064,-1.3829231153677706,0.8674867512691549,0.8674867512691549,34,baseball bat,0.8674867512691549,0,person
34,baseball bat,C:\Users\maxbe\Downloads\DINO-Kernel-Herding\coco\train2017\000000198202.jpg,23,rbf,kernel_herding,direct,True,0.736738674414768,0.001031216853274,0.005,0.6974842663577981,0.7436701750475719,0.001048101909239,-0.0033770111930152,-1.386300126560786,0.9966286844950112,0.9966286844950112,34,baseball bat,0.9966286844950112,0,person
34,baseball bat,C:\Users\maxbe\Downloads\DINO-Kernel-Herding\coco\train2017\000000135082.jpg,24,rbf,kernel_herding,direct,True,0.7377452148968136,0.0010065404820455,0.005,0.6974842663577981,0.7447482185213935,0.0010780434738215,-0.0143005983552022,-1.4006007249159882,0.9858011695091008,0.9858011695091008,34,baseball bat,0.9858011695091008,0,person
34,baseball bat,C:\Users\maxbe\Downloads\DINO-Kernel-Herding\coco\train2017\000000547300.jpg,25,rbf,kernel_herding,direct,True,0.7387279582029649,0.0009827433061513,0.005,0.6974842663577981,0.7457504324106089,0.0010022138892153,-0.0038941166128218,-1.40449484152881,0.9961134556260248,0.9961134556260248,34,baseball bat,0.9961134556260248,0,person
34,baseball bat,C:\Users\maxbe\Downloads\DINO-Kernel-Herding\coco\train2017\000000237282.jpg,26,rbf,kernel_herding,direct,True,0.7396882832897257,0.0009603250867608,0.005,0.6974842663577981,0.7467527976793827,0.0010023652687738,-0.0084080364025903,-1.4129028779314006,0.9916272122745794,0.9916272122745794,34,baseball bat,0.9916272122745794,0,person
34,baseball bat,C:\Users\maxbe\Downloads\DINO-Kernel-Herding\coco\train2017\000000010094.jpg,27,rbf,kernel_herding,direct,True,0.7406194398298679,0.0009311565401421,0.005,0.6974842663577981,0.7477809610463348,0.0010281633669521,-0.019401365361998,-1.4323042432933986,0.9807856298524515,0.9807856298524515,34,baseball bat,0.9807856298524515,0,person
34,baseball bat,C:\Users\maxbe\Downloads\DINO-Kernel-Herding\coco\train2017\000000450902.jpg,28,rbf,kernel_herding,direct,True,0.7415207531619323,0.0009013133320644,0.005,0.6974842663577981,0.749225502543779,0.0014445414974441,-0.1086456330759232,-1.540949876369322,0.8970482454075339,0.8970482454075339,34,baseball bat,0.8970482454075339,2,car
34,baseball bat,C:\Users\maxbe\Downloads\DINO-Kernel-Herding\coco\train2017\000000027565.jpg,29,rbf,kernel_herding,direct,True,0.7423845124358376,0.0008637592739052,0.005,0.6974842663577981,0.7501186511905447,0.0008931486467657,-0.0058778745720948,-1.5468277509414168,0.9941393663351428,0.9941393663351428,34,baseball bat,0.9941393663351428,0,person
34,baseball bat,C:\Users\maxbe\Downloads\DINO-Kernel-Herding\coco\train2017\000000270865.jpg,30,rbf,kernel_herding,direct,True,0.7432226301267729,0.0008381176909353,0.005,0.6974842663577981,0.7509606717168491,0.0008420205263044,-0.0007805670738252,-1.547608318015242,0.999219737488404,0.999219737488404,34,baseball bat,0.999219737488404,0,person
34,baseball bat,C:\Users\maxbe\Downloads\DINO-Kernel-Herding\coco\train2017\000000111649.jpg,31,rbf,kernel_herding,direct,True,0.7440332733815643,0.0008106432547914,0.005,0.6974842663577981,0.7517919760012745,0.0008313042844253,-0.004132205926791,-1.551740523942033,0.995876319887602,0.995876319887602,34,baseball bat,0.995876319887602,8,boat
34,baseball bat,C:\Users\maxbe\Downloads\DINO-Kernel-Herding\coco\train2017\000000223595.jpg,32,rbf,kernel_herding,direct,True,0.7447885527680487,0.0007552793864843,0.005,0.6974842663577981,0.7526288212628691,0.0008368452615946,-0.0163131750220598,-1.568053698964093,0.9838191642149916,0.9838191642149916,34,baseball bat,0.9838191642149916,0,person
34,baseball bat,C:\Users\maxbe\Downloads\DINO-Kernel-Herding\coco\train2017\000000558804.jpg,33,rbf,kernel_herding,direct,True,0.7455154025824543,0.0007268498144056,0.005,0.6974842663577981,0.7533644230346221,0.000735601771753,-0.0017503914694652,-1.5698040904335582,0.9982511395712452,0.9982511395712452,34,baseball bat,0.9982511395712452,0,person
34,baseball bat,C:\Users\maxbe\Downloads\DINO-Kernel-Herding\coco\train2017\000000498982.jpg,34,rbf,kernel_herding,direct,True,0.746205704840107,0.0006903022576526,0.005,0.6974842663577981,0.7540592928315841,0.0006948697969619,-0.0009135078618678,-1.570717598295426,0.9990869092584148,0.9990869092584148,34,baseball bat,0.9990869092584148,0,person
34,baseball bat,C:\Users\maxbe\Downloads\DINO-Kernel-Herding\coco\train2017\000000246183.jpg,35,rbf,kernel_herding,direct,True,0.7468793372318578,0.0006736323917508,0.005,0.6974842663577981,0.7554014453639075,0.0013421525323233,-0.1337040281145055,-1.7044216264099314,0.8748489569833326,0.8748489569833326,34,baseball bat,0.8748489569833326,0,person
34,baseball bat,C:\Users\maxbe\Downloads\DINO-Kernel-Herding\coco\train2017\000000114286.jpg,36,rbf,kernel_herding,direct,True,0.747514747888813,0.0006354106569551,0.005,0.6974842663577981,0.7566782860032641,0.0012768406393566,-0.1282859964802996,-1.832707622890231,0.8796017801539564,0.8796017801539564,34,baseball bat,0.8796017801539564,0,person
34,baseball bat,C:\Users\maxbe\Downloads\DINO-Kernel-Herding\coco\train2017\000000099964.jpg,37,rbf,kernel_herding,direct,True,0.7481216497998353,0.0006069019110223,0.005,0.6974842663577981,0.7573869698922409,0.0007086838889767,-0.0203563955908881,-1.8530640184811191,0.9798493970643476,0.9798493970643476,34,baseball bat,0.9798493970643476,0,person
34,baseball bat,C:\Users\maxbe\Downloads\DINO-Kernel-Herding\coco\train2017\000000395606.jpg,38,rbf,kernel_herding,direct,True,0.7487091317851458,0.0005874819853104,0.005,0.6974842663577981,0.7579760824701104,0.0005891125778695,-0.0003261185118073,-1.8533901369929264,0.9996739346580544,0.9996739346580544,34,baseball bat,0.9996739346580544,0,person
34,baseball bat,C:\Users\maxbe\Downloads\DINO-Kernel-Herding\coco\train2017\000000100277.jpg,39,rbf,kernel_herding,direct,True,0.7492599286085483,0.0005507968234025,0.005,0.6974842663577981,0.7585968105789633,0.0006207281088529,-0.0139862570900802,-1.8673763940830064,0.9861110962047062,0.9861110962047062,34,baseball bat,0.9861110962047062,0,person
34,baseball bat,C:\Users\maxbe\Downloads\DINO-Kernel-Herding\coco\train2017\000000014151.jpg,40,rbf,kernel_herding,direct,True,0.7497784414027714,0.0005185127942231,0.005,0.6974842663577981,0.7600360705903811,0.0014392600114178,-0.1841494434389395,-2.0515258375219463,0.8318114857676614,0.8318114857676614,34,baseball bat,0.8318114857676614,0,person
34,baseball bat,C:\Users\maxbe\Downloads\DINO-Kernel-Herding\coco\train2017\000000007899.jpg,41,rbf,kernel_herding,direct,True,0.750267523027869,0.0004890816250976,0.005,0.6974842663577981,0.7613629557942575,0.0013268852038763,-0.1675607157557413,-2.219086553277688,0.8457252668802423,0.8457252668802423,34,baseball bat,0.8457252668802423,0,person
34,baseball bat,C:\Users\maxbe\Downloads\DINO-Kernel-Herding\coco\train2017\000000279879.jpg,42,rbf,kernel_herding,direct,True,0.7506979356956353,0.0004304126677662,0.005,0.6974842663577981,0.7621537644854314,0.0007908086911738,-0.072079204681538,-2.291165757959225,0.9304571963256524,0.9304571963256524,34,baseball bat,0.9304571963256524,0,person
34,baseball bat,C:\Users\maxbe\Downloads\DINO-Kernel-Herding\coco\train2017\000000006562.jpg,43,rbf,kernel_herding,direct,True,0.7511068447824018,0.0004089090867664,0.005,0.6974842663577981,0.7626895302332316,0.0005357657478002,-0.0253713322067472,-2.3165370901659728,0.9749478152786898,0.9749478152786898,34,baseball bat,0.9749478152786898,0,person
34,baseball bat,C:\Users\maxbe\Downloads\DINO-Kernel-Herding\coco\train2017\000000140065.jpg,44,rbf,kernel_herding,direct,True,0.7514865054552986,0.0003796606728968,0.005,0.6974842663577981,0.7634005774092573,0.0007110471760256,-0.066277300625763,-2.382814390791736,0.9358713106050176,0.9358713106050176,34,baseball bat,0.9358713106050176,0,person
34,baseball bat,C:\Users\maxbe\Downloads\DINO-Kernel-Herding\coco\train2017\000000154971.jpg,45,rbf,kernel_herding,direct,True,0.7518415532247781,0.0003550477694794,0.005,0.6974842663577981,0.7643212332158305,0.0009206558065731,-0.1131216074187459,-2.4959359982104816,0.8930420529725386,0.8930420529725386,34,baseball bat,0.8930420529725386,0,person
34,baseball bat,C:\Users\maxbe\Downloads\DINO-Kernel-Herding\coco\train2017\000000433787.jpg,46,rbf,kernel_herding,direct,True,0.7521714315505902,0.0003298783258121,0.005,0.6974842663577981,0.7656102301105842,0.0012889968947537,-0.1918237137883031,-2.6877597119987846,0.8254523715367298,0.8254523715367298,34,baseball bat,0.8254523715367298,0,person
34,baseball bat,C:\Users\maxbe\Downloads\DINO-Kernel-Herding\coco\train2017\000000407080.jpg,47,rbf,kernel_herding,direct,True,0.7524774416614,0.0003060101108097,0.005,0.6974842663577981,0.7661465303120593,0.0005363002014751,-0.0460580181330676,-2.733817730131852,0.9549865540454212,0.9549865540454212,34,baseball bat,0.9549865540454212,0,person
34,baseball bat,C:\Users\maxbe\Downloads\DINO-Kernel-Herding\coco\train2017\000000197221.jpg,48,rbf,kernel_herding,direct,True,0.7527493961430713,0.0002719544816713,0.005,0.6974842663577981,0.7664541616063303,0.000307631294271,-0.0071353625199304,-2.7409530926517824,0.992890033738476,0.992890033738476,34,baseball bat,0.992890033738476,0,person
34,baseball bat,C:\Users\maxbe\Downloads\DINO-Kernel-Herding\coco\train2017\000000496253.jpg,49,rbf,kernel_herding,direct,True,0.7530040326537734,0.000254636510702,0.005,0.6974842663577981,0.7671440046141692,0.0006898430078389,-0.0870412994273958,-2.8279943920791784,0.9166392381747468,0.9166392381747468,34,baseball bat,0.9166392381747468,0,person
34,baseball bat,C:\Users\maxbe\Downloads\DINO-Kernel-Herding\coco\train2017\000000256547.jpg,50,rbf,kernel_herding,direct,True,0.7532473735476382,0.0002433408938647,0.005,0.6974842663577981,0.7673931606962847,0.0002491560821155,-0.0011630376501384,-2.829157429729317,0.9988376384150272,0.9988376384150272,34,baseball bat,0.9988376384150272,0,person
34,baseball bat,C:\Users\maxbe\Downloads\DINO-Kernel-Herding\coco\train2017\000000382100.jpg,51,rbf,kernel_herding,direct,True,0.7534799677049002,0.000232594157262,0.005,0.6974842663577981,0.7678828383994832,0.0004896777031985,-0.051416709187294,-2.880574138916611,0.9498827631737722,0.9498827631737722,34,baseball bat,0.9498827631737722,0,person
34,baseball bat,C:\Users\maxbe\Downloads\DINO-Kernel-Herding\coco\train2017\000000451160.jpg,52,rbf,kernel_herding,direct,True,0.7536701403655287,0.0001901726606284,0.005,0.6974842663577981,0.7690799288018023,0.001197090402319,-0.2013835483381113,-3.081957687254722,0.8175987827525995,0.8175987827525995,34,baseball bat,0.8175987827525995,0,person
34,baseball bat,C:\Users\maxbe\Downloads\DINO-Kernel-Herding\coco\train2017\000000097406.jpg,53,rbf,kernel_herding,direct,True,0.7538218173954006,0.0001516770298718,0.005,0.6974842663577981,0.7693435530223189,0.0002636242205166,-0.0223894381289522,-3.1043471253836743,0.97785934517474,0.97785934517474,34,baseball bat,0.97785934517474,0,person
34,baseball bat,C:\Users\maxbe\Downloads\DINO-Kernel-Herding\coco\train2017\000000118745.jpg,54,rbf,kernel_herding,direct,True,0.7539565464572757,0.0001347290618751,0.005,0.6974842663577981,0.7695155070153047,0.0001719539929857,-0.0074449862221284,-3.1117921116058027,0.992582659038056,0.992582659038056,34,baseball bat,0.992582659038056,0,person
34,baseball bat,C:\Users\maxbe\Downloads\DINO-Kernel-Herding\coco\train2017\000000482885.jpg,55,rbf,kernel_herding,direct,True,0.7540685207357474,0.0001119742784716,0.005,0.6974842663577981,0.7696308468941271,0.0001153398788223,-0.0006731200701428,-3.1124652316759454,0.9993271064233494,0.9993271064233494,34,baseball bat,0.9993271064233494,0,person
34,baseball bat,C:\Users\maxbe\Downloads\DINO-Kernel-Herding\coco\train2017\000000336242.jpg,56,rbf,kernel_herding,direct,True,0.75416707214841,9.855141266257306e-05,0.005,0.6974842663577981,0.7705375426131734,0.0009066957190463,-0.1616288612767494,-3.2740940929526947,0.8507568947808987,0.8507568947808987,34,baseball bat,0.8507568947808987,0,person
34,baseball bat,C:\Users\maxbe\Downloads\DINO-Kernel-Herding\coco\train2017\000000241557.jpg,57,rbf,kernel_herding,direct,True,0.7542523146399567,8.524249154673313e-05,0.005,0.6974842663577981,0.770657911258236,0.0001203686450625,-0.0070252307031681,-3.281119323655863,0.992999388543348,0.992999388543348,34,baseball bat,0.992999388543348,0,person
34,baseball bat,C:\Users\maxbe\Downloads\DINO-Kernel-Herding\coco\train2017\000000117916.jpg,58,rbf,kernel_herding,direct,True,0.7543255547242893,7.324008433262641e-05,0.005,0.6974842663577981,0.7715397236515001,0.0008818123932641,-0.1617144617863067,-3.44283378544217,0.8506840726740451,0.8506840726740451,34,baseball bat,0.8506840726740451,0,person
34,baseball bat,C:\Users\maxbe\Downloads\DINO-Kernel-Herding\coco\train2017\000000359996.jpg,59,rbf,kernel_herding,direct,True,0.7543815648993272,5.601017503786832e-05,0.005,0.6974842663577981,0.7719208297404837,0.0003811060889835,-0.0650191827891386,-3.5078529682313087,0.9370494879812544,0.9370494879812544,34,baseball bat,0.9370494879812544,0,person
34,baseball bat,C:\Users\maxbe\Downloads\DINO-Kernel-Herding\coco\train2017\000000394941.jpg,60,rbf,kernel_herding,direct,True,0.7544223972974141,4.083239808694295e-05,0.005,0.6974842663577981,0.7730354991532424,0.0011146694127587,-0.2147674029343495,-3.722620371165658,0.8067290611678378,0.8067290611678378,34,baseball bat,0.8067290611678378,0,person
34,baseball bat,C:\Users\maxbe\Downloads\DINO-Kernel-Herding\coco\train2017\000000217593.jpg,61,rbf,kernel_herding,direct,True,0.754451925707627,2.9528410212864564e-05,0.005,0.6974842663577981,0.7730752237099865,3.97245567440585e-05,-0.0020392293062336,-3.724659600471892,0.9979628485082274,0.9979628485082274,34,baseball bat,0.9979628485082274,0,person
34,baseball bat,C:\Users\maxbe\Downloads\DINO-Kernel-Herding\coco\train2017\000000419774.jpg,62,rbf,kernel_herding,direct,True,0.754475537933908,2.361222628100013e-05,0.005,0.6974842663577981,0.7735438873678471,0.0004686636578605,-0.0890102863159261,-3.813669886787818,0.9148361632312576,0.9148361632312576,34,baseball bat,0.9148361632312576,0,person
34,baseball bat,C:\Users\maxbe\Downloads\DINO-Kernel-Herding\coco\train2017\000000062226.jpg,63,rbf,kernel_herding,direct,True,0.7544810113788506,5.473444942616368e-06,0.005,0.6974842663577981,0.7738708422599867,0.0003269548921396,-0.0642962894394067,-3.8779661762272246,0.9377271197227168,0.9377271197227168,34,baseball bat,0.9377271197227168,0,person
53,pizza,C:\Users\maxbe\Downloads\DINO-Kernel-Herding\coco\train2017\000000248191.jpg,1,rbf,kernel_herding,direct,True,0.8169382466244465,0.0014304085976484,0.005,0.8155078184291512,0.8170524251577939,0.0015445871309958,-0.022835706669484,-0.022835706669484,0.9774230546705271,0.9774230546705271,53,pizza,0.9774230546705271,68,microwave
53,pizza,C:\Users\maxbe\Downloads\DINO-Kernel-Herding\coco\train2017\000000019358.jpg,2,rbf,kernel_herding,direct,True,0.8180263755837966,0.0010881289593501,0.005,0.8155078184291512,0.818499762522283,0.001447337364489,-0.0718416810277822,-0.0946773876972663,0.9306782281676934,0.9306782281676934,53,pizza,0.9306782281676934,45,bowl
53,pizza,C:\Users\maxbe\Downloads\DINO-Kernel-Herding\coco\train2017\000000098044.jpg,3,rbf,kernel_herding,direct,True,0.81906925867554,0.0010428830917433,0.005,0.8155078184291512,0.8198374740924047,0.0013377115701217,-0.0589656956756617,-0.153643083372928,0.9427391086295536,0.9427391086295536,53,pizza,0.9427391086295536,50,broccoli
53,pizza,C:\Users\maxbe\Downloads\DINO-Kernel-Herding\coco\train2017\000000565043.jpg,4,rbf,kernel_herding,direct,True,0.8200210755441102,0.0009518168685701,0.005,0.8155078184291512,0.8208143634524991,0.0009768893600944,-0.0050144983048688,-0.1586575816777968,0.9949980533019864,0.9949980533019864,53,pizza,0.9949980533019864,0,person
53,pizza,C:\Users\maxbe\Downloads\DINO-Kernel-Herding\coco\train2017\000000578950.jpg,5,rbf,kernel_herding,direct,True,0.8209122261213354,0.0008911505772252,0.005,0.8155078184291512,0.8221020526211703,0.0012876891686711,-0.0793077182891851,-0.237965299966982,0.923755624203833,0.923755624203833,53,pizza,0.923755624203833,45,bowl
53,pizza,C:\Users\maxbe\Downloads\DINO-Kernel-Herding\coco\train2017\000000140360.jpg,6,rbf,kernel_herding,direct,True,0.8217566039164663,0.0008443777951309,0.005,0.8155078184291512,0.8237085037324628,0.0016064511112925,-0.1524146632323185,-0.3903799631993006,0.8586321637225272,0.8586321637225272,53,pizza,0.8586321637225272,15,cat
53,pizza,C:\Users\maxbe\Downloads\DINO-Kernel-Herding\coco\train2017\000000305278.jpg,7,rbf,kernel_herding,direct,True,0.8225667309354127,0.0008101270189463,0.005,0.8155078184291512,0.8245549794593382,0.0008464757268753,-0.0072697415858058,-0.3976497047851064,0.9927566190674952,0.9927566190674952,53,pizza,0.9927566190674952,16,dog
53,pizza,C:\Users\maxbe\Downloads\DINO-Kernel-Herding\coco\train2017\000000578659.jpg,8,rbf,kernel_herding,direct,True,0.823329912193388,0.0007631812579753,0.005,0.8155078184291512,0.8254956981056836,0.0009407186463453,-0.0355074776739947,-0.4331571824591012,0.9651155173828116,0.9651155173828116,53,pizza,0.9651155173828116,54,donut
53,pizza,C:\Users\maxbe\Downloads\DINO-Kernel-Herding\coco\train2017\000000283476.jpg,9,rbf,kernel_herding,direct,True,0.8240373053996605,0.0007073932062724,0.005,0.8155078184291512,0.8262947125198142,0.0007990144141306,-0.0183242415716461,-0.4514814240307473,0.9818426265435496,0.9818426265435496,53,pizza,0.9818426265435496,60,dining table
53,pizza,C:\Users\maxbe\Downloads\DINO-Kernel-Herding\coco\train2017\000000073302.jpg,10,rbf,kernel_herding,direct,True,0.8246859166893488,0.0006486112896882,0.005,0.8155078184291512,0.8271553001197806,0.0008605875999663,-0.0423952620556149,-0.4938766860863622,0.9584908506241968,0.9584908506241968,53,pizza,0.9584908506241968,0,person
53,pizza,C:\Users\maxbe\Downloads\DINO-Kernel-Herding\coco\train2017\000000285512.jpg,11,rbf,kernel_herding,direct,True,0.8252936995827593,0.0006077828934105,0.005,0.8155078184291512,0.8280269423505779,0.0008716422307973,-0.0527718674773697,-0.546648553563732,0.9485963934867918,0.9485963934867918,53,pizza,0.9485963934867918,55,cake
53,pizza,C:\Users\maxbe\Downloads\DINO-Kernel-Herding\coco\train2017\000000435886.jpg,12,rbf,kernel_herding,direct,True,0.8258460595225293,0.0005523599397699,0.005,0.8155078184291512,0.8289908866945334,0.0009639443439554,-0.0823168808370731,-0.6289654344008051,0.9209800715150744,0.9209800715150744,53,pizza,0.9209800715150744,60,dining table
53,pizza,C:\Users\maxbe\Downloads\DINO-Kernel-Herding\coco\train2017\000000555900.jpg,13,rbf,kernel_herding,direct,True,0.8263461948033198,0.0005001352807905,0.005,0.8155078184291512,0.8296501636859744,0.000659276991441,-0.0318283421301079,-0.660793776530913,0.9686728481250833,0.9686728481250833,53,pizza,0.9686728481250833,69,oven
53,pizza,C:\Users\maxbe\Downloads\DINO-Kernel-Herding\coco\train2017\000000133517.jpg,14,rbf,kernel_herding,direct,True,0.8267871321256199,0.0004409373223001,0.005,0.8155078184291512,0.830096657528949,0.0004464938429745,-0.0011113041348944,-0.6619050806658073,0.9988893131338664,0.9988893131338664,53,pizza,0.9988893131338664,53,pizza
53,pizza,C:\Users\maxbe\Downloads\DINO-Kernel-Herding\coco\train2017\000000490118.jpg,15,rbf,kernel_herding,direct,True,0.827210504650705,0.000423372525085,0.005,0.8155078184291512,0.8310483067187986,0.0009516491898495,-0.1056553329529074,-0.7675604136187149,0.8997347035423404,0.8997347035423404,53,pizza,0.8997347035423404,50,broccoli
53,pizza,C:\Users\maxbe\Downloads\DINO-Kernel-Herding\coco\train2017\000000053491.jpg,16,rbf,kernel_herding,direct,True,0.8275678710411676,0.0003573663904625,0.005,0.8155078184291512,0.8314975435096502,0.0004492367908516,-0.0183740800778217,-0.7859344936965367,0.9817936941931108,0.9817936941931108,53,pizza,0.9817936941931108,53,pizza
53,pizza,C:\Users\maxbe\Downloads\DINO-Kernel-Herding\coco\train2017\000000518323.jpg,17,rbf,kernel_herding,direct,True,0.8279075377509937,0.0003396667098261,0.005,0.8155078184291512,0.8325248759129213,0.0010273324032711,-0.1375331386889966,-0.9234676323855332,0.8715054689689258,0.8715054689689258,53,pizza,0.8715054689689258,60,dining table
53,pizza,C:\Users\maxbe\Downloads\DINO-Kernel-Herding\coco\train2017\000000327183.jpg,18,rbf,kernel_herding,direct,True,0.8282118573090769,0.0003043195580831,0.005,0.8155078184291512,0.8335608572072476,0.0010359812943262,-0.1463323472486175,-1.0697999796341509,0.8638705504684683,0.8638705504684683,53,pizza,0.8638705504684683,55,cake
53,pizza,C:\Users\maxbe\Downloads\DINO-Kernel-Herding\coco\train2017\000000470685.jpg,19,rbf,kernel_herding,direct,True,0.8284971153903444,0.0002852580812675,0.005,0.8155078184291512,0.8343007246550547,0.000739867447807,-0.0909218733079036,-1.1607218529420544,0.913089044738346,0.913089044738346,53,pizza,0.913089044738346,0,person
53,pizza,C:\Users\maxbe\Downloads\DINO-Kernel-Herding\coco\train2017\000000278963.jpg,20,rbf,kernel_herding,direct,True,0.8287644108447415,0.000267295454397,0.005,0.8155078184291512,0.8347509594604285,0.0004502348053738,-0.0365878701953451,-1.1973097231373997,0.9640733768573756,0.9640733768573756,53,pizza,0.9640733768573756,59,bed
53,pizza,C:\Users\maxbe\Downloads\DINO-Kernel-Herding\coco\train2017\000000217378.jpg,21,rbf,kernel_herding,direct,True,0.829014548158456,0.0002501373137144,0.005,0.8155078184291512,0.8353371258764439,0.0005861664160153,-0.0672058204601888,-1.2645155435975883,0.9350027388361106,0.9350027388361106,53,pizza,0.9350027388361106,42,fork
53,pizza,C:\Users\maxbe\Downloads\DINO-Kernel-Herding\coco\train2017\000000440724.jpg,22,rbf,kernel_herding,direct,True,0.8292341800989937,0.0002196319405377,0.005,0.8155078184291512,0.8360210855863224,0.0006839597098784,-0.0928655538681315,-1.35738109746572,0.9113160149722668,0.9113160149722668,53,pizza,0.9113160149722668,60,dining table
53,pizza,C:\Users\maxbe\Downloads\DINO-Kernel-Herding\coco\train2017\000000453926.jpg,23,rbf,kernel_herding,direct,True,0.8294286576173878,0.000194477518394,0.005,0.8155078184291512,0.8365743725045203,0.0005532869181978,-0.0717618799607649,-1.4291429774264848,0.9307525002468072,0.9307525002468072,53,pizza,0.9307525002468072,45,bowl
53,pizza,C:\Users\maxbe\Downloads\DINO-Kernel-Herding\coco\train2017\000000010073.jpg,24,rbf,kernel_herding,direct,True,0.8295890823306227,0.0001604247132348,0.005,0.8155078184291512,0.8367653308615727,0.0001909583570524,-0.0061067287635192,-1.435249706190004,0.9939118794059582,0.9939118794059582,53,pizza,0.9939118794059582,53,pizza
53,pizza,C:\Users\maxbe\Downloads\DINO-Kernel-Herding\coco\train2017\000000476934.jpg,25,rbf,kernel_herding,direct,True,0.8297356427326447,0.0001465604020219,0.005,0.8155078184291512,0.8369890631407392,0.0002237322791664,-0.0154343754289048,-1.4506840816189088,0.9846841241037754,0.9846841241037754,53,pizza,0.9846841241037754,0,person
53,pizza,C:\Users\maxbe\Downloads\DINO-Kernel-Herding\coco\train2017\000000022104.jpg,26,rbf,kernel_herding,direct,True,0.8298599708719636,0.0001243281393189,0.005,0.8155078184291512,0.8371389062671704,0.0001498431264311,-0.0051029974224313,-1.4557870790413403,0.9949100007486368,0.9949100007486368,53,pizza,0.9949100007486368,60,dining table
53,pizza,C:\Users\maxbe\Downloads\DINO-Kernel-Herding\coco\train2017\000000236626.jpg,27,rbf,kernel_herding,direct,True,0.8299727226313361,0.0001127517593725,0.005,0.8155078184291512,0.8375344794392167,0.0003955731720463,-0.0565642825347562,-1.5123513615760966,0.9450057351775912,0.9450057351775912,53,pizza,0.9450057351775912,0,person
53,pizza,C:\Users\maxbe\Downloads\DINO-Kernel-Herding\coco\train2017\000000436795.jpg,28,rbf,kernel_herding,direct,True,0.8300698968758142,9.71742444780821e-05,0.005,0.8155078184291512,0.8378399257290012,0.0003054462897845,-0.041654409061306,-1.5540057706374026,0.9592012145460284,0.9592012145460284,53,pizza,0.9592012145460284,0,person
53,pizza,C:\Users\maxbe\Downloads\DINO-Kernel-Herding\coco\train2017\000000510141.jpg,29,rbf,kernel_herding,direct,True,0.830152703802804,8.280692698980907e-05,0.005,0.8155078184291512,0.8382679047730017,0.0004279790440004,-0.06903442340214,-1.6230401940395427,0.9332945523505416,0.9332945523505416,53,pizza,0.9332945523505416,45,bowl
53,pizza,C:\Users\maxbe\Downloads\DINO-Kernel-Herding\coco\train2017\000000234091.jpg,30,rbf,kernel_herding,direct,True,0.830206196918106,5.349311530200573e-05,0.005,0.8155078184291512,0.8384805175655394,0.0002126127925377,-0.0318239354471315,-1.6548641294866742,0.968677116768638,0.968677116768638,53,pizza,0.968677116768638,60,dining table
53,pizza,C:\Users\maxbe\Downloads\DINO-Kernel-Herding\coco\train2017\000000457843.jpg,31,rbf,kernel_herding,direct,True,0.830252174808134,4.597789002791508e-05,0.005,0.8155078184291512,0.839218585071539,0.0007380675059995,-0.1384179231943467,-1.793282052681021,0.8707347154593164,0.8707347154593164,53,pizza,0.8707347154593164,69,oven
53,pizza,C:\Users\maxbe\Downloads\DINO-Kernel-Herding\coco\train2017\000000501723.jpg,32,rbf,kernel_herding,direct,True,0.8302907289664877,3.855415835374298e-05,0.005,0.8155078184291512,0.8393164593305185,9.78742589794468e-05,-0.0118640201251227,-1.805146072806144,0.9882060798642124,0.9882060798642124,53,pizza,0.9882060798642124,53,pizza
53,pizza,C:\Users\maxbe\Downloads\DINO-Kernel-Herding\coco\train2017\000000202448.jpg,33,rbf,kernel_herding,direct,True,0.8303217614723789,3.103250589120421e-05,0.005,0.8155078184291512,0.8393583175081315,4.185817761304112e-05,-0.0021651343443767,-1.8073112071505204,0.9978372078672813,0.9978372078672813,53,pizza,0.9978372078672813,53,pizza
53,pizza,C:\Users\maxbe\Downloads\DINO-Kernel-Herding\coco\train2017\000000144754.jpg,34,rbf,kernel_herding,direct,True,0.8303482582736178,2.649680123889553e-05,0.005,0.8155078184291512,0.8393874513347865,2.913382665503672e-05,-0.0005274050832213,-1.8078386122337415,0.9994727339693926,0.9994727339693926,53,pizza,0.9994727339693926,53,pizza
53,pizza,C:\Users\maxbe\Downloads\DINO-Kernel-Herding\coco\train2017\000000099139.jpg,35,rbf,kernel_herding,direct,True,0.8303656743836593,1.7416110041468258e-05,0.005,0.8155078184291512,0.8395361187863911,0.0001486674516045,-0.0262502683126199,-1.8340888805463615,0.9740912749197644,0.9740912749197644,53,pizza,0.9740912749197644,53,pizza
53,pizza,C:\Users\maxbe\Downloads\DINO-Kernel-Herding\coco\train2017\000000050061.jpg,36,rbf,kernel_herding,direct,True,0.8303710586948513,5.384311192013769e-06,0.005,0.8155078184291512,0.8398833013241274,0.0003471825377362,-0.0683596453088561,-1.902448525855218,0.933924531593242,0.933924531593242,53,pizza,0.933924531593242,0,person
53,pizza,C:\Users\maxbe\Downloads\DINO-Kernel-Herding\coco\train2017\000000095097.jpg,37,rbf,kernel_herding,direct,True,0.8303723625678776,1.3038730263259524e-06,0.005,0.8155078184291512,0.8399554148758155,7.211355168812439e-05,-0.0141619357323663,-1.9166104615875843,0.9859378727624566,0.9859378727624566,53,pizza,0.9859378727624566,53,pizza
56,chair,C:\Users\maxbe\Downloads\DINO-Kernel-Herding\coco\train2017\000000194195.jpg,1,rbf,kernel_herding,direct,True,0.916449950493389,0.0007022227950128,0.005,0.915747710263458,0.9165332269627724,0.0007854992643961,-0.016655293876669,-0.016655293876669,0.983482638698532,0.983482638698532,56,chair,0.983482638698532,14,bird
56,chair,C:\Users\maxbe\Downloads\DINO-Kernel-Herding\coco\train2017\000000149179.jpg,2,rbf,kernel_herding,direct,True,0.9169624857733488,0.0005125352799597,0.005,0.915747710263458,0.9171225511758676,0.0005893242130952,-0.0153577866270802,-0.0320130805037493,0.984759542769092,0.984759542769092,56,chair,0.984759542769092,47,apple
56,chair,C:\Users\maxbe\Downloads\DINO-Kernel-Herding\coco\train2017\000000127680.jpg,3,rbf,kernel_herding,direct,True,0.9174444833049992,0.0004819975316503,0.005,0.915747710263458,0.9176603006417012,0.0005377494658336,-0.0111503868366541,-0.0431634673404034,0.9889115483116157,0.9889115483116157,56,chair,0.9889115483116157,14,bird
56,chair,C:\Users\maxbe\Downloads\DINO-Kernel-Herding\coco\train2017\000000561931.jpg,4,rbf,kernel_herding,direct,True,0.9178601236214156,0.0004156403164164,0.005,0.915747710263458,0.918116550499236,0.0004562498575348,-0.0081219082236957,-0.0512853755640992,0.991910985358772,0.991910985358772,56,chair,0.991910985358772,13,bench
56,chair,C:\Users\maxbe\Downloads\DINO-Kernel-Herding\coco\train2017\000000281994.jpg,5,rbf,kernel_herding,direct,True,0.918248924822382,0.0003888012009665,0.005,0.915747710263458,0.9185873564254085,0.0004708059261724,-0.0164009450411874,-0.0676863206052867,0.9837328181774824,0.9837328181774824,56,chair,0.9837328181774824,7,truck
56,chair,C:\Users\maxbe\Downloads\DINO-Kernel-Herding\coco\train2017\000000095123.jpg,6,rbf,kernel_herding,direct,True,0.9185969830797156,0.0003480582573336,0.005,0.915747710263458,0.9189944728747228,0.0004071164493144,-0.0118116383961518,-0.0794979590014385,0.9882578451630214,0.9882578451630214,56,chair,0.9882578451630214,14,bird
56,chair,C:\Users\maxbe\Downloads\DINO-Kernel-Herding\coco\train2017\000000533364.jpg,7,rbf,kernel_herding,direct,True,0.9189061476241576,0.0003091645444419,0.005,0.915747710263458,0.9193625000595942,0.0003680271848712,-0.0117725280858701,-0.0912704870873087,0.9882964969898216,0.9882964969898216,56,chair,0.9882964969898216,56,chair
56,chair,C:\Users\maxbe\Downloads\DINO-Kernel-Herding\coco\train2017\000000552961.jpg,8,rbf,kernel_herding,direct,True,0.9191964942265536,0.000290346602396,0.005,0.915747710263458,0.9198006248109242,0.0004381247513299,-0.0295556297867775,-0.1208261168740862,0.9708768664648244,0.9708768664648244,56,chair,0.9708768664648244,3,motorcycle
56,chair,C:\Users\maxbe\Downloads\DINO-Kernel-Herding\coco\train2017\000000560173.jpg,9,rbf,kernel_herding,direct,True,0.9194767190061952,0.0002802247796414,0.005,0.915747710263458,0.920208582934213,0.0004079581232888,-0.0255466687295127,-0.1463727856035989,0.9747768863043648,0.9747768863043648,56,chair,0.9747768863043648,8,boat
56,chair,C:\Users\maxbe\Downloads\DINO-Kernel-Herding\coco\train2017\000000438232.jpg,10,rbf,kernel_herding,direct,True,0.9197395990075292,0.0002628800013342,0.005,0.915747710263458,0.9206606967384666,0.0004521138042535,-0.0378467605838504,-0.1842195461874494,0.9628604777631248,0.9628604777631248,56,chair,0.9628604777631248,6,train
56,chair,C:\Users\maxbe\Downloads\DINO-Kernel-Herding\coco\train2017\000000027175.jpg,11,rbf,kernel_herding,direct,True,0.9199751591087042,0.0002355601011748,0.005,0.915747710263458,0.9211071754745408,0.0004464787360742,-0.0421837269798831,-0.2264032731673325,0.9586936265052216,0.9586936265052216,56,chair,0.9586936265052216,7,truck
56,chair,C:\Users\maxbe\Downloads\DINO-Kernel-Herding\coco\train2017\000000333088.jpg,12,rbf,kernel_herding,direct,True,0.9202029333744924,0.0002277742657883,0.005,0.915747710263458,0.9213418641870408,0.0002346887124999,-0.0013828893423313,-0.2277861625096638,0.9986180664075186,0.9986180664075186,56,chair,0.9986180664075186,60,dining table
56,chair,C:\Users\maxbe\Downloads\DINO-Kernel-Herding\coco\train2017\000000550906.jpg,13,rbf,kernel_herding,direct,True,0.9204058188728848,0.0002028854983923,0.005,0.915747710263458,0.9217515993680586,0.0004097351810177,-0.0413699365250795,-0.2691560990347433,0.9594741197634614,0.9594741197634614,56,chair,0.9594741197634614,14,bird
56,chair,C:\Users\maxbe\Downloads\DINO-Kernel-Herding\coco\train2017\000000378437.jpg,14,rbf,kernel_herding,direct,True,0.920583005090624,0.0001771862177392,0.005,0.915747710263458,0.9220278646924074,0.0002762653243487,-0.019815821321917,-0.2889719203566604,0.9803792216277288,0.9803792216277288,56,chair,0.9803792216277288,58,potted plant
56,chair,C:\Users\maxbe\Downloads\DINO-Kernel-Herding\coco\train2017\000000156834.jpg,15,rbf,kernel_herding,direct,True,0.9207533424776142,0.0001703373869901,0.005,0.915747710263458,0.9223433435366292,0.0003154788442218,-0.0290282914463513,-0.3180002118030118,0.9713889820775756,0.9713889820775756,56,chair,0.9713889820775756,17,horse
56,chair,C:\Users\maxbe\Downloads\DINO-Kernel-Herding\coco\train2017\000000104326.jpg,16,rbf,kernel_herding,direct,True,0.9209122969784704,0.0001589545008562,0.005,0.915747710263458,0.9225105691294366,0.0001672255928073,-0.0016542183902227,-0.3196544301932346,0.998347149073886,0.998347149073886,56,chair,0.998347149073886,58,potted plant
56,chair,C:\Users\maxbe\Downloads\DINO-Kernel-Herding\coco\train2017\000000008081.jpg,17,rbf,kernel_herding,direct,True,0.9210571701990348,0.0001448732205643,0.005,0.915747710263458,0.9228102457516604,0.0002996766222236,-0.0309606803318732,-0.3506151105251078,0.9695136932822483,0.9695136932822483,56,chair,0.9695136932822483,46,banana
56,chair,C:\Users\maxbe\Downloads\DINO-Kernel-Herding\coco\train2017\000000207862.jpg,18,rbf,kernel_herding,direct,True,0.92118345380172,0.0001262836026852,0.005,0.915747710263458,0.9230126351908422,0.0002023894391819,-0.0152211672993234,-0.3658362778244313,0.9848940891464358,0.9848940891464358,56,chair,0.9848940891464358,60,dining table
56,chair,C:\Users\maxbe\Downloads\DINO-Kernel-Herding\coco\train2017\000000302038.jpg,19,rbf,kernel_herding,direct,True,0.9212920599767372,0.000108606175017,0.005,0.915747710263458,0.9231354399548088,0.0001228047639666,-0.0028397177899066,-0.3686759956143379,0.9971643103937852,0.9971643103937852,56,chair,0.9971643103937852,60,dining table
56,chair,C:\Users\maxbe\Downloads\DINO-Kernel-Herding\coco\train2017\000000068852.jpg,20,rbf,kernel_herding,direct,True,0.9213827668603626,9.070688362544654e-05,0.005,0.915747710263458,0.9234188990583728,0.0002834591035638,-0.0385504439876874,-0.4072264396020253,0.962183167158776,0.962183167158776,56,chair,0.962183167158776,2,car
56,chair,C:\Users\maxbe\Downloads\DINO-Kernel-Herding\coco\train2017\000000439865.jpg,21,rbf,kernel_herding,direct,True,0.9214623905076358,7.962364727320814e-05,0.005,0.915747710263458,0.9236320062794204,0.0002131072210477,-0.0266967147549028,-0.4339231543569282,0.9736564923963942,0.9736564923963942,56,chair,0.9736564923963942,1,bicycle
56,chair,C:\Users\maxbe\Downloads\DINO-Kernel-Herding\coco\train2017\000000004282.jpg,22,rbf,kernel_herding,direct,True,0.9215283519176264,6.59614099906003e-05,0.005,0.915747710263458,0.923923921391387,0.0002919151119665,-0.0451907403951904,-0.4791138947521186,0.95581515188401,0.95581515188401,56,chair,0.95581515188401,2,car
56,chair,C:\Users\maxbe\Downloads\DINO-Kernel-Herding\coco\train2017\000000044075.jpg,23,rbf,kernel_herding,direct,True,0.9215802050237298,5.185310610344995e-05,0.005,0.915747710263458,0.9242486099220424,0.0003246885306554,-0.0545670849104193,-0.533680979662538,0.9468949843608788,0.9468949843608788,56,chair,0.9468949843608788,6,train
56,chair,C:\Users\maxbe\Downloads\DINO-Kernel-Herding\coco\train2017\000000406250.jpg,24,rbf,kernel_herding,direct,True,0.9216133204141348,3.311539040484757e-05,0.005,0.915747710263458,0.9243858483390728,0.0001372384170303,-0.0208246053251105,-0.5545055849876486,0.979390729423276,0.979390729423276,56,chair,0.979390729423276,8,boat
56,chair,C:\Users\maxbe\Downloads\DINO-Kernel-Herding\coco\train2017\000000025506.jpg,25,rbf,kernel_herding,direct,True,0.921631724952084,1.840453794943464e-05,0.005,0.915747710263458,0.9245383817290288,0.0001525333899558,-0.0268257704012632,-0.5813313553889118,0.9735308446363856,0.9735308446363856,56,chair,0.9735308446363856,6,train
56,chair,C:\Users\maxbe\Downloads\DINO-Kernel-Herding\coco\train2017\000000355984.jpg,26,rbf,kernel_herding,direct,True,0.9216430166917544,1.1291739670293843e-05,0.005,0.915747710263458,0.9247373152816584,0.0001989335526296,-0.0375283625918875,-0.6188597179807993,0.9631670994170544,0.9631670994170544,56,chair,0.9631670994170544,25,umbrella
56,chair,C:\Users\maxbe\Downloads\DINO-Kernel-Herding\coco\train2017\000000258773.jpg,27,rbf,kernel_herding,direct,True,0.9216476766228175,4.659931063244471e-06,0.005,0.915747710263458,0.9247851648231108,4.784954145231613e-05,-0.0086379220777959,-0.6274976400585952,0.9913992775837972,0.9913992775837972,56,chair,0.9913992775837972,13,bench
56,chair,C:\Users\maxbe\Downloads\DINO-Kernel-Herding\coco\train2017\000000061184.jpg,28,rbf,kernel_herding,direct,True,0.921649652600623,1.975977805379614e-06,0.005,0.915747710263458,0.924810096926295,2.493210318432748e-05,-0.0045912250757909,-0.6320888651343861,0.9954192984855496,0.9954192984855496,56,chair,0.9954192984855496,25,umbrella
67,cell phone,C:\Users\maxbe\Downloads\DINO-Kernel-Herding\coco\train2017\000000497757.jpg,1,rbf,kernel_herding,direct,True,0.9260789507311984,0.0002202057551937,0.005,0.9258587694899358,0.9262740517615664,0.0004153067855618,-0.0390202060736269,-0.0390202060736269,0.96173127613606,0.96173127613606,67,cell phone,0.96173127613606,0,person
67,cell phone,C:\Users\maxbe\Downloads\DINO-Kernel-Herding\coco\train2017\000000551214.jpg,2,rbf,kernel_herding,direct,True,0.926268817537517,0.0001898668063186,0.005,0.9258587694899358,0.9267195573058884,0.0004455055443218,-0.0511277476006508,-0.0901479536742777,0.950157282464999,0.950157282464999,67,cell phone,0.950157282464999,4,airplane
67,cell phone,C:\Users\maxbe\Downloads\DINO-Kernel-Herding\coco\train2017\000000251660.jpg,3,rbf,kernel_herding,direct,True,0.9263687872242508,9.99696867337585e-05,0.005,0.9258587694899358,0.9268906519401976,0.000171094634309,-0.0142249895150653,-0.1043729431893431,0.9858757076099672,0.9858757076099672,67,cell phone,0.9858757076099672,0,person
67,cell phone,C:\Users\maxbe\Downloads\DINO-Kernel-Herding\coco\train2017\000000516321.jpg,4,rbf,kernel_herding,direct,True,0.9264386965616426,6.990933739181582e-05,0.005,0.9258587694899358,0.9272901922844724,0.0003995403442749,-0.0659262013766191,-0.1702991445659623,0.9361999520089658,0.9361999520089658,67,cell phone,0.9361999520089658,18,sheep
67,cell phone,C:\Users\maxbe\Downloads\DINO-Kernel-Herding\coco\train2017\000000168076.jpg,5,rbf,kernel_herding,direct,True,0.9264950293782588,5.633281661632239e-05,0.005,0.9258587694899358,0.9274302343226102,0.0001400420381377,-0.0167418443042962,-0.1870409888702586,0.983397521539105,0.983397521539105,67,cell phone,0.983397521539105,66,keyboard
67,cell phone,C:\Users\maxbe\Downloads\DINO-Kernel-Herding\coco\train2017\000000289870.jpg,6,rbf,kernel_herding,direct,True,0.9265271891926924,3.2159814433607714e-05,0.005,0.9258587694899358,0.9276712169270168,0.0002409826044066,-0.0417645579946125,-0.2288055468648712,0.9590955653740983,0.9590955653740983,67,cell phone,0.9590955653740983,6,train
